/*
 Navicat Premium Dump SQL

 Source Server         : b
 Source Server Type    : MySQL
 Source Server Version : 80030 (8.0.30)
 Source Host           : dbconn.sealosbja.site:35596
 Source Schema         : billback

 Target Server Type    : MySQL
 Target Server Version : 80030 (8.0.30)
 File Encoding         : 65001

 Date: 15/04/2025 21:19:07
*/

SET NAMES utf8mb4;
SET FOREIGN_KEY_CHECKS = 0;

-- ----------------------------
-- Table structure for bill_tags
-- ----------------------------
DROP TABLE IF EXISTS `bill_tags`;
CREATE TABLE `bill_tags`  (
  `bill_id` int NULL DEFAULT NULL,
  `tag_id` int NULL DEFAULT NULL
) ENGINE = InnoDB CHARACTER SET = utf8mb4 COLLATE = utf8mb4_0900_ai_ci ROW_FORMAT = Dynamic;

-- ----------------------------
-- Records of bill_tags
-- ----------------------------
INSERT INTO `bill_tags` VALUES (1, 2);
INSERT INTO `bill_tags` VALUES (1, 3);
INSERT INTO `bill_tags` VALUES (2, 1);
INSERT INTO `bill_tags` VALUES (2, 4);
INSERT INTO `bill_tags` VALUES (3, 1);
INSERT INTO `bill_tags` VALUES (3, 4);
INSERT INTO `bill_tags` VALUES (4, 3);
INSERT INTO `bill_tags` VALUES (6, 3);
INSERT INTO `bill_tags` VALUES (7, 12);
INSERT INTO `bill_tags` VALUES (7, 29);
INSERT INTO `bill_tags` VALUES (5, 45);
INSERT INTO `bill_tags` VALUES (5, 44);
INSERT INTO `bill_tags` VALUES (9, 65);
INSERT INTO `bill_tags` VALUES (9, 60);
INSERT INTO `bill_tags` VALUES (9, 63);
INSERT INTO `bill_tags` VALUES (8, 47);
INSERT INTO `bill_tags` VALUES (8, 62);
INSERT INTO `bill_tags` VALUES (8, 65);
INSERT INTO `bill_tags` VALUES (10, 69);
INSERT INTO `bill_tags` VALUES (10, 48);
INSERT INTO `bill_tags` VALUES (10, 62);
INSERT INTO `bill_tags` VALUES (11, 80);
INSERT INTO `bill_tags` VALUES (11, 84);
INSERT INTO `bill_tags` VALUES (13, 65);
INSERT INTO `bill_tags` VALUES (13, 48);
INSERT INTO `bill_tags` VALUES (13, 63);
INSERT INTO `bill_tags` VALUES (15, 64);
INSERT INTO `bill_tags` VALUES (15, 60);
INSERT INTO `bill_tags` VALUES (15, 62);
INSERT INTO `bill_tags` VALUES (14, 64);
INSERT INTO `bill_tags` VALUES (12, 51);
INSERT INTO `bill_tags` VALUES (12, 62);
INSERT INTO `bill_tags` VALUES (12, 68);
INSERT INTO `bill_tags` VALUES (16, 64);
INSERT INTO `bill_tags` VALUES (16, 48);
INSERT INTO `bill_tags` VALUES (16, 62);
INSERT INTO `bill_tags` VALUES (18, 51);
INSERT INTO `bill_tags` VALUES (18, 76);
INSERT INTO `bill_tags` VALUES (18, 62);
INSERT INTO `bill_tags` VALUES (19, 60);
INSERT INTO `bill_tags` VALUES (19, 63);
INSERT INTO `bill_tags` VALUES (19, 77);
INSERT INTO `bill_tags` VALUES (20, 64);
INSERT INTO `bill_tags` VALUES (20, 55);
INSERT INTO `bill_tags` VALUES (20, 62);
INSERT INTO `bill_tags` VALUES (21, 63);
INSERT INTO `bill_tags` VALUES (21, 61);
INSERT INTO `bill_tags` VALUES (22, 70);
INSERT INTO `bill_tags` VALUES (22, 63);
INSERT INTO `bill_tags` VALUES (22, 60);
INSERT INTO `bill_tags` VALUES (24, 85);
INSERT INTO `bill_tags` VALUES (25, 301);
INSERT INTO `bill_tags` VALUES (25, 283);
INSERT INTO `bill_tags` VALUES (25, 299);
INSERT INTO `bill_tags` VALUES (23, 47);
INSERT INTO `bill_tags` VALUES (23, 68);
INSERT INTO `bill_tags` VALUES (17, 47);
INSERT INTO `bill_tags` VALUES (17, 62);
INSERT INTO `bill_tags` VALUES (17, 68);
INSERT INTO `bill_tags` VALUES (26, 77);
INSERT INTO `bill_tags` VALUES (26, 47);
INSERT INTO `bill_tags` VALUES (26, 62);

-- ----------------------------
-- Table structure for bills
-- ----------------------------
DROP TABLE IF EXISTS `bills`;
CREATE TABLE `bills`  (
  `id` int NOT NULL AUTO_INCREMENT,
  `user_id` int NOT NULL DEFAULT 1 COMMENT '用户id',
  `amount` decimal(10, 2) NOT NULL COMMENT '金额',
  `bill_date` timestamp NOT NULL COMMENT '账单时间',
  `remark` text CHARACTER SET utf8mb4 COLLATE utf8mb4_0900_ai_ci NULL COMMENT '备注',
  `create_time` timestamp NULL DEFAULT CURRENT_TIMESTAMP COMMENT '创建时间',
  `update_time` timestamp NULL DEFAULT CURRENT_TIMESTAMP ON UPDATE CURRENT_TIMESTAMP COMMENT '修改时间',
  `inout_type` int NULL DEFAULT NULL COMMENT '收支类型:1-支出,2-入账,3-不计入收支',
  PRIMARY KEY (`id`) USING BTREE
) ENGINE = InnoDB AUTO_INCREMENT = 27 CHARACTER SET = utf8mb4 COLLATE = utf8mb4_0900_ai_ci COMMENT = '账单表' ROW_FORMAT = Dynamic;

-- ----------------------------
-- Records of bills
-- ----------------------------
INSERT INTO `bills` VALUES (1, 1, 100.00, '2025-04-02 09:54:13', '吃饭', '2025-04-02 01:54:26', '2025-04-02 01:54:26', 1);
INSERT INTO `bills` VALUES (2, 1, 100.00, '2025-04-02 09:54:39', '买衣服', '2025-04-02 01:54:52', '2025-04-02 01:54:52', 1);
INSERT INTO `bills` VALUES (3, 1, 100.00, '2025-04-01 13:32:14', '买鞋子', '2025-04-02 05:32:29', '2025-04-02 05:33:21', 1);
INSERT INTO `bills` VALUES (5, 1, 500.00, '2025-04-02 15:53:46', '工资', '2025-04-02 07:54:11', NULL, 2);
INSERT INTO `bills` VALUES (25, 8, 100.00, '2025-04-11 12:48:02', '', '2025-04-11 04:48:16', NULL, 1);

-- ----------------------------
-- Table structure for tags
-- ----------------------------
DROP TABLE IF EXISTS `tags`;
CREATE TABLE `tags`  (
  `id` int NOT NULL AUTO_INCREMENT,
  `name` varchar(50) CHARACTER SET utf8mb4 COLLATE utf8mb4_0900_ai_ci NOT NULL COMMENT '标签名称',
  `inout_type` int NOT NULL COMMENT '收支类型:1-支出,2-入账,3-不计入收支',
  `icon` varchar(200) CHARACTER SET utf8mb4 COLLATE utf8mb4_0900_ai_ci NULL DEFAULT NULL COMMENT '图标',
  `user_id` int NULL DEFAULT 1 COMMENT '用户id',
  `tag_type` int NULL DEFAULT NULL COMMENT '标签类型:1-支付方式,2-账单类型,3-归属人',
  `account_type` int NULL DEFAULT NULL COMMENT '账户类型.标签类型为支付方式时才有:1-储蓄账户,2-信用账户',
  `credit_limit1` decimal(10, 0) NULL DEFAULT 10000 COMMENT '信用额度1',
  `credit_limit_available1` decimal(10, 0) NULL DEFAULT 10000 COMMENT '信用可用额度1',
  `credit_bill_day1` int NULL DEFAULT 1 COMMENT '信用卡账单日1',
  `credit_pay_day1` int NULL DEFAULT 20 COMMENT '信用卡还款日1',
  `belong_id` int NULL DEFAULT NULL COMMENT '归属人id',
  `credit_limit2` decimal(10, 2) NULL DEFAULT NULL COMMENT '信用额度2',
  `credit_limit_available2` decimal(10, 2) NULL DEFAULT NULL COMMENT '信用可用额度2',
  `credit_bill_day2` int NULL DEFAULT NULL COMMENT '信用卡账单日2',
  `credit_pay_day2` int NULL DEFAULT NULL COMMENT '信用卡还款日2',
  PRIMARY KEY (`id`) USING BTREE
) ENGINE = InnoDB AUTO_INCREMENT = 479 CHARACTER SET = utf8mb4 COLLATE = utf8mb4_0900_ai_ci COMMENT = '标签表' ROW_FORMAT = Dynamic;

-- ----------------------------
-- Records of tags
-- ----------------------------
INSERT INTO `tags` VALUES (1, '衣', 1, 'yi', 1, 2, NULL, NULL, NULL, NULL, NULL, NULL, NULL, NULL, NULL, NULL);
INSERT INTO `tags` VALUES (2, '食', 1, NULL, 1, 2, NULL, NULL, NULL, NULL, NULL, NULL, NULL, NULL, NULL, NULL);
INSERT INTO `tags` VALUES (3, '住', 1, NULL, 1, 2, NULL, NULL, NULL, NULL, NULL, NULL, NULL, NULL, NULL, NULL);
INSERT INTO `tags` VALUES (4, '行', 1, NULL, 1, 2, NULL, NULL, NULL, NULL, NULL, NULL, NULL, NULL, NULL, NULL);
INSERT INTO `tags` VALUES (5, '保险', 1, NULL, 1, 2, NULL, NULL, NULL, NULL, NULL, NULL, NULL, NULL, NULL, NULL);
INSERT INTO `tags` VALUES (6, '人情', 1, NULL, 1, 2, NULL, NULL, NULL, NULL, NULL, NULL, NULL, NULL, NULL, NULL);
INSERT INTO `tags` VALUES (7, '燃气费', 1, NULL, 1, 2, NULL, NULL, NULL, NULL, NULL, NULL, NULL, NULL, NULL, NULL);
INSERT INTO `tags` VALUES (8, '水费', 1, NULL, 1, 2, NULL, NULL, NULL, NULL, NULL, NULL, NULL, NULL, NULL, NULL);
INSERT INTO `tags` VALUES (9, '其他', 2, NULL, 1, 2, NULL, NULL, NULL, NULL, NULL, NULL, NULL, NULL, NULL, NULL);
INSERT INTO `tags` VALUES (12, '购物', 1, NULL, 1, 2, NULL, NULL, NULL, NULL, NULL, NULL, NULL, NULL, NULL, NULL);
INSERT INTO `tags` VALUES (13, '医疗', 1, NULL, 1, 2, NULL, NULL, NULL, NULL, NULL, NULL, NULL, NULL, NULL, NULL);
INSERT INTO `tags` VALUES (14, '娱乐', 1, NULL, 1, 2, NULL, NULL, NULL, NULL, NULL, NULL, NULL, NULL, NULL, NULL);
INSERT INTO `tags` VALUES (15, '教育', 1, NULL, 1, 2, NULL, NULL, NULL, NULL, NULL, NULL, NULL, NULL, NULL, NULL);
INSERT INTO `tags` VALUES (16, '其他', 1, NULL, 1, 2, NULL, NULL, NULL, NULL, NULL, NULL, NULL, NULL, NULL, NULL);
INSERT INTO `tags` VALUES (17, '广发信用卡', 1, NULL, 1, 1, 2, 10000, 10000, 1, 20, NULL, NULL, NULL, NULL, NULL);
INSERT INTO `tags` VALUES (18, '招商信用卡', 1, NULL, 1, 1, 2, 10000, 10000, 1, 20, NULL, NULL, NULL, NULL, NULL);
INSERT INTO `tags` VALUES (19, '农行信用卡', 1, NULL, 1, 1, 2, 10000, 10000, 1, 20, NULL, NULL, NULL, NULL, NULL);
INSERT INTO `tags` VALUES (20, '工商信用卡', 1, NULL, 1, 1, 2, 10000, 10000, 1, 20, NULL, NULL, NULL, NULL, NULL);
INSERT INTO `tags` VALUES (21, '齐鲁信用卡', 1, NULL, 1, 1, 2, 10000, 10000, 1, 20, NULL, NULL, NULL, NULL, NULL);
INSERT INTO `tags` VALUES (22, '中信信用卡', 1, NULL, 1, 1, 2, 10000, 10000, 1, 20, NULL, NULL, NULL, NULL, NULL);
INSERT INTO `tags` VALUES (23, '浦发信用卡', 1, NULL, 1, 1, 2, 10000, 10000, 1, 20, NULL, NULL, NULL, NULL, NULL);
INSERT INTO `tags` VALUES (24, '华夏信用卡', 1, NULL, 1, 1, 2, 10000, 10000, 1, 20, NULL, NULL, NULL, NULL, NULL);
INSERT INTO `tags` VALUES (25, '建设信用卡', 1, NULL, 1, 1, 2, 10000, 10000, 1, 20, NULL, NULL, NULL, NULL, NULL);
INSERT INTO `tags` VALUES (26, '光大信用卡', 1, NULL, 1, 1, 2, 10000, 10000, 1, 20, NULL, NULL, NULL, NULL, NULL);
INSERT INTO `tags` VALUES (27, '平安信用卡', 1, NULL, 1, 1, 2, 10000, 10000, 1, 20, NULL, NULL, NULL, NULL, NULL);
INSERT INTO `tags` VALUES (28, '青岛信用卡', 1, NULL, 1, 1, 2, 10000, 10000, 1, 20, NULL, NULL, NULL, NULL, NULL);
INSERT INTO `tags` VALUES (29, '兴业信用卡', 1, NULL, 1, 1, 2, 10000, 10000, 1, 20, NULL, NULL, NULL, NULL, NULL);
INSERT INTO `tags` VALUES (30, '白条', 1, NULL, 1, 1, 2, 10000, 10000, 1, 20, NULL, NULL, NULL, NULL, NULL);
INSERT INTO `tags` VALUES (31, '花呗', 1, NULL, 1, 1, 2, 10000, 10000, 1, 20, NULL, NULL, NULL, NULL, NULL);
INSERT INTO `tags` VALUES (32, '微信', 1, NULL, 1, 1, 1, NULL, NULL, NULL, NULL, NULL, NULL, NULL, NULL, NULL);
INSERT INTO `tags` VALUES (37, '电费', 1, NULL, 1, 2, NULL, NULL, NULL, NULL, NULL, NULL, NULL, NULL, NULL, NULL);
INSERT INTO `tags` VALUES (38, '话费', 1, NULL, 1, 2, NULL, NULL, NULL, NULL, NULL, NULL, NULL, NULL, NULL, NULL);
INSERT INTO `tags` VALUES (39, '还信用卡', 3, NULL, 1, 2, NULL, NULL, NULL, NULL, NULL, NULL, NULL, NULL, NULL, NULL);
INSERT INTO `tags` VALUES (40, '帅哥', 1, NULL, 1, 3, NULL, NULL, NULL, NULL, NULL, NULL, NULL, NULL, NULL, NULL);
INSERT INTO `tags` VALUES (41, '靓女', 1, NULL, 1, 3, NULL, NULL, NULL, NULL, NULL, NULL, NULL, NULL, NULL, NULL);
INSERT INTO `tags` VALUES (43, '靓女', 2, NULL, 1, 3, NULL, NULL, NULL, NULL, NULL, NULL, NULL, NULL, NULL, NULL);
INSERT INTO `tags` VALUES (44, '帅哥', 2, NULL, 1, 3, NULL, NULL, NULL, NULL, NULL, NULL, NULL, NULL, NULL, NULL);
INSERT INTO `tags` VALUES (45, '工资', 2, NULL, 1, 2, NULL, NULL, NULL, NULL, NULL, NULL, NULL, NULL, NULL, NULL);
INSERT INTO `tags` VALUES (46, '奖金', 2, NULL, 1, 2, NULL, NULL, NULL, NULL, NULL, NULL, NULL, NULL, NULL, NULL);
INSERT INTO `tags` VALUES (47, '衣', 1, NULL, 2, 2, NULL, NULL, NULL, NULL, NULL, NULL, NULL, NULL, NULL, NULL);
INSERT INTO `tags` VALUES (48, '食', 1, NULL, 2, 2, NULL, NULL, NULL, NULL, NULL, NULL, NULL, NULL, NULL, NULL);
INSERT INTO `tags` VALUES (49, '住', 1, NULL, 2, 2, NULL, NULL, NULL, NULL, NULL, NULL, NULL, NULL, NULL, NULL);
INSERT INTO `tags` VALUES (50, '行', 1, NULL, 2, 2, NULL, NULL, NULL, NULL, NULL, NULL, NULL, NULL, NULL, NULL);
INSERT INTO `tags` VALUES (51, '购物', 1, NULL, 2, 2, NULL, NULL, NULL, NULL, NULL, NULL, NULL, NULL, NULL, NULL);
INSERT INTO `tags` VALUES (52, '医疗', 1, NULL, 2, 2, NULL, NULL, NULL, NULL, NULL, NULL, NULL, NULL, NULL, NULL);
INSERT INTO `tags` VALUES (53, '燃气费', 1, NULL, 2, 2, NULL, NULL, NULL, NULL, NULL, NULL, NULL, NULL, NULL, NULL);
INSERT INTO `tags` VALUES (54, '水费', 1, NULL, 2, 2, NULL, NULL, NULL, NULL, NULL, NULL, NULL, NULL, NULL, NULL);
INSERT INTO `tags` VALUES (55, '电费', 1, NULL, 2, 2, NULL, NULL, NULL, NULL, NULL, NULL, NULL, NULL, NULL, NULL);
INSERT INTO `tags` VALUES (56, '话费', 1, NULL, 2, 2, NULL, NULL, NULL, NULL, NULL, NULL, NULL, NULL, NULL, NULL);
INSERT INTO `tags` VALUES (57, '保险', 1, NULL, 2, 2, NULL, NULL, NULL, NULL, NULL, NULL, NULL, NULL, NULL, NULL);
INSERT INTO `tags` VALUES (58, '人情', 1, NULL, 2, 2, NULL, NULL, NULL, NULL, NULL, NULL, NULL, NULL, NULL, NULL);
INSERT INTO `tags` VALUES (59, '娱乐', 1, NULL, 2, 2, NULL, NULL, NULL, NULL, NULL, NULL, NULL, NULL, NULL, NULL);
INSERT INTO `tags` VALUES (60, '教育', 1, NULL, 2, 2, NULL, NULL, NULL, NULL, NULL, NULL, NULL, NULL, NULL, NULL);
INSERT INTO `tags` VALUES (61, '其他', 1, NULL, 2, 2, NULL, NULL, NULL, NULL, NULL, NULL, NULL, NULL, NULL, NULL);
INSERT INTO `tags` VALUES (62, '帅哥', 1, NULL, 2, 3, NULL, NULL, NULL, NULL, NULL, NULL, NULL, NULL, NULL, NULL);
INSERT INTO `tags` VALUES (63, '靓女', 1, NULL, 2, 3, NULL, NULL, NULL, NULL, NULL, NULL, NULL, NULL, NULL, NULL);
INSERT INTO `tags` VALUES (64, '广发信用卡', 1, NULL, 2, 1, 2, 58000, 10000, 81, 20, NULL, NULL, NULL, NULL, NULL);
INSERT INTO `tags` VALUES (65, '招商信用卡', 1, NULL, 2, 1, 2, 60000, 10000, 1, 20, NULL, NULL, NULL, NULL, NULL);
INSERT INTO `tags` VALUES (66, '农行信用卡', 1, NULL, 2, 1, 2, 21000, 10000, 1, 20, NULL, NULL, NULL, NULL, NULL);
INSERT INTO `tags` VALUES (67, '工商信用卡', 1, NULL, 2, 1, 2, 10000, 10000, 1, 20, NULL, NULL, NULL, NULL, NULL);
INSERT INTO `tags` VALUES (68, '齐鲁信用卡', 1, NULL, 2, 1, 2, 10000, 9900, 1, 20, NULL, NULL, NULL, NULL, NULL);
INSERT INTO `tags` VALUES (69, '中信信用卡', 1, NULL, 2, 1, 2, 10000, 10000, 1, 20, NULL, NULL, NULL, NULL, NULL);
INSERT INTO `tags` VALUES (70, '浦发信用卡', 1, NULL, 2, 1, 2, 10000, 10000, 1, 20, NULL, NULL, NULL, NULL, NULL);
INSERT INTO `tags` VALUES (71, '华夏信用卡', 1, NULL, 2, 1, 2, 10000, 10000, 1, 20, NULL, NULL, NULL, NULL, NULL);
INSERT INTO `tags` VALUES (72, '建设信用卡', 1, NULL, 2, 1, 2, 10000, 10000, 1, 20, NULL, NULL, NULL, NULL, NULL);
INSERT INTO `tags` VALUES (73, '光大信用卡', 1, NULL, 2, 1, 2, 10000, 10000, 1, 20, NULL, NULL, NULL, NULL, NULL);
INSERT INTO `tags` VALUES (74, '平安信用卡', 1, NULL, 2, 1, 2, 10000, 10000, 1, 20, NULL, NULL, NULL, NULL, NULL);
INSERT INTO `tags` VALUES (75, '青岛信用卡', 1, NULL, 2, 1, 2, 10000, 10000, 1, 20, NULL, NULL, NULL, NULL, NULL);
INSERT INTO `tags` VALUES (76, '兴业信用卡', 1, NULL, 2, 1, 2, 10000, 10000, 1, 20, NULL, NULL, NULL, NULL, NULL);
INSERT INTO `tags` VALUES (77, '白条', 1, NULL, 2, 1, 2, 10000, 9991, 1, 20, NULL, NULL, NULL, NULL, NULL);
INSERT INTO `tags` VALUES (78, '花呗', 1, NULL, 2, 1, 2, 10000, 10000, 1, 20, NULL, NULL, NULL, NULL, NULL);
INSERT INTO `tags` VALUES (79, '微信', 1, NULL, 2, 1, 1, NULL, NULL, NULL, NULL, NULL, NULL, NULL, NULL, NULL);
INSERT INTO `tags` VALUES (80, '工资', 2, NULL, 2, 2, NULL, NULL, NULL, NULL, NULL, NULL, NULL, NULL, NULL, NULL);
INSERT INTO `tags` VALUES (81, '奖金', 2, NULL, 2, 2, NULL, NULL, NULL, NULL, NULL, NULL, NULL, NULL, NULL, NULL);
INSERT INTO `tags` VALUES (82, '其他', 2, NULL, 2, 2, NULL, NULL, NULL, NULL, NULL, NULL, NULL, NULL, NULL, NULL);
INSERT INTO `tags` VALUES (83, '靓女', 2, NULL, 2, 3, NULL, NULL, NULL, NULL, NULL, NULL, NULL, NULL, NULL, NULL);
INSERT INTO `tags` VALUES (84, '帅哥', 2, NULL, 2, 3, NULL, NULL, NULL, NULL, NULL, NULL, NULL, NULL, NULL, NULL);
INSERT INTO `tags` VALUES (85, '还信用卡', 3, NULL, 2, 2, NULL, NULL, NULL, NULL, NULL, NULL, NULL, NULL, NULL, NULL);
INSERT INTO `tags` VALUES (86, '衣', 1, NULL, 3, 2, NULL, NULL, NULL, NULL, NULL, NULL, NULL, NULL, NULL, NULL);
INSERT INTO `tags` VALUES (87, '食', 1, NULL, 3, 2, NULL, NULL, NULL, NULL, NULL, NULL, NULL, NULL, NULL, NULL);
INSERT INTO `tags` VALUES (88, '住', 1, NULL, 3, 2, NULL, NULL, NULL, NULL, NULL, NULL, NULL, NULL, NULL, NULL);
INSERT INTO `tags` VALUES (89, '行', 1, NULL, 3, 2, NULL, NULL, NULL, NULL, NULL, NULL, NULL, NULL, NULL, NULL);
INSERT INTO `tags` VALUES (90, '购物', 1, NULL, 3, 2, NULL, NULL, NULL, NULL, NULL, NULL, NULL, NULL, NULL, NULL);
INSERT INTO `tags` VALUES (91, '医疗', 1, NULL, 3, 2, NULL, NULL, NULL, NULL, NULL, NULL, NULL, NULL, NULL, NULL);
INSERT INTO `tags` VALUES (92, '燃气费', 1, NULL, 3, 2, NULL, NULL, NULL, NULL, NULL, NULL, NULL, NULL, NULL, NULL);
INSERT INTO `tags` VALUES (93, '水费', 1, NULL, 3, 2, NULL, NULL, NULL, NULL, NULL, NULL, NULL, NULL, NULL, NULL);
INSERT INTO `tags` VALUES (94, '电费', 1, NULL, 3, 2, NULL, NULL, NULL, NULL, NULL, NULL, NULL, NULL, NULL, NULL);
INSERT INTO `tags` VALUES (95, '话费', 1, NULL, 3, 2, NULL, NULL, NULL, NULL, NULL, NULL, NULL, NULL, NULL, NULL);
INSERT INTO `tags` VALUES (96, '保险', 1, NULL, 3, 2, NULL, NULL, NULL, NULL, NULL, NULL, NULL, NULL, NULL, NULL);
INSERT INTO `tags` VALUES (97, '人情', 1, NULL, 3, 2, NULL, NULL, NULL, NULL, NULL, NULL, NULL, NULL, NULL, NULL);
INSERT INTO `tags` VALUES (98, '娱乐', 1, NULL, 3, 2, NULL, NULL, NULL, NULL, NULL, NULL, NULL, NULL, NULL, NULL);
INSERT INTO `tags` VALUES (99, '教育', 1, NULL, 3, 2, NULL, NULL, NULL, NULL, NULL, NULL, NULL, NULL, NULL, NULL);
INSERT INTO `tags` VALUES (100, '其他', 1, NULL, 3, 2, NULL, NULL, NULL, NULL, NULL, NULL, NULL, NULL, NULL, NULL);
INSERT INTO `tags` VALUES (101, '帅哥', 1, NULL, 3, 3, NULL, NULL, NULL, NULL, NULL, NULL, NULL, NULL, NULL, NULL);
INSERT INTO `tags` VALUES (102, '靓女', 1, NULL, 3, 3, NULL, NULL, NULL, NULL, NULL, NULL, NULL, NULL, NULL, NULL);
INSERT INTO `tags` VALUES (103, '广发信用卡', 1, NULL, 3, 1, 2, 10000, 10000, 1, 20, NULL, NULL, NULL, NULL, NULL);
INSERT INTO `tags` VALUES (104, '招商信用卡', 1, NULL, 3, 1, 2, 10000, 10000, 1, 20, NULL, NULL, NULL, NULL, NULL);
INSERT INTO `tags` VALUES (105, '农行信用卡', 1, NULL, 3, 1, 2, 10000, 10000, 1, 20, NULL, NULL, NULL, NULL, NULL);
INSERT INTO `tags` VALUES (106, '工商信用卡', 1, NULL, 3, 1, 2, 10000, 10000, 1, 20, NULL, NULL, NULL, NULL, NULL);
INSERT INTO `tags` VALUES (107, '齐鲁信用卡', 1, NULL, 3, 1, 2, 10000, 10000, 1, 20, NULL, NULL, NULL, NULL, NULL);
INSERT INTO `tags` VALUES (108, '中信信用卡', 1, NULL, 3, 1, 2, 10000, 10000, 1, 20, NULL, NULL, NULL, NULL, NULL);
INSERT INTO `tags` VALUES (109, '浦发信用卡', 1, NULL, 3, 1, 2, 10000, 10000, 1, 20, NULL, NULL, NULL, NULL, NULL);
INSERT INTO `tags` VALUES (110, '华夏信用卡', 1, NULL, 3, 1, 2, 10000, 10000, 1, 20, NULL, NULL, NULL, NULL, NULL);
INSERT INTO `tags` VALUES (111, '建设信用卡', 1, NULL, 3, 1, 2, 10000, 10000, 1, 20, NULL, NULL, NULL, NULL, NULL);
INSERT INTO `tags` VALUES (112, '光大信用卡', 1, NULL, 3, 1, 2, 10000, 10000, 1, 20, NULL, NULL, NULL, NULL, NULL);
INSERT INTO `tags` VALUES (113, '平安信用卡', 1, NULL, 3, 1, 2, 10000, 10000, 1, 20, NULL, NULL, NULL, NULL, NULL);
INSERT INTO `tags` VALUES (114, '青岛信用卡', 1, NULL, 3, 1, 2, 10000, 10000, 1, 20, NULL, NULL, NULL, NULL, NULL);
INSERT INTO `tags` VALUES (115, '兴业信用卡', 1, NULL, 3, 1, 2, 10000, 10000, 1, 20, NULL, NULL, NULL, NULL, NULL);
INSERT INTO `tags` VALUES (116, '白条', 1, NULL, 3, 1, 2, 10000, 10000, 1, 20, NULL, NULL, NULL, NULL, NULL);
INSERT INTO `tags` VALUES (117, '花呗', 1, NULL, 3, 1, 2, 10000, 10000, 1, 20, NULL, NULL, NULL, NULL, NULL);
INSERT INTO `tags` VALUES (118, '微信', 1, NULL, 3, 1, 1, NULL, NULL, NULL, NULL, NULL, NULL, NULL, NULL, NULL);
INSERT INTO `tags` VALUES (119, '工资', 2, NULL, 3, 2, NULL, NULL, NULL, NULL, NULL, NULL, NULL, NULL, NULL, NULL);
INSERT INTO `tags` VALUES (120, '奖金', 2, NULL, 3, 2, NULL, NULL, NULL, NULL, NULL, NULL, NULL, NULL, NULL, NULL);
INSERT INTO `tags` VALUES (121, '其他', 2, NULL, 3, 2, NULL, NULL, NULL, NULL, NULL, NULL, NULL, NULL, NULL, NULL);
INSERT INTO `tags` VALUES (122, '靓女', 2, NULL, 3, 3, NULL, NULL, NULL, NULL, NULL, NULL, NULL, NULL, NULL, NULL);
INSERT INTO `tags` VALUES (123, '帅哥', 2, NULL, 3, 3, NULL, NULL, NULL, NULL, NULL, NULL, NULL, NULL, NULL, NULL);
INSERT INTO `tags` VALUES (124, '还信用卡', 3, NULL, 3, 2, NULL, NULL, NULL, NULL, NULL, NULL, NULL, NULL, NULL, NULL);
INSERT INTO `tags` VALUES (125, '衣', 1, NULL, 4, 2, NULL, NULL, NULL, NULL, NULL, NULL, NULL, NULL, NULL, NULL);
INSERT INTO `tags` VALUES (126, '食', 1, NULL, 4, 2, NULL, NULL, NULL, NULL, NULL, NULL, NULL, NULL, NULL, NULL);
INSERT INTO `tags` VALUES (127, '住', 1, NULL, 4, 2, NULL, NULL, NULL, NULL, NULL, NULL, NULL, NULL, NULL, NULL);
INSERT INTO `tags` VALUES (128, '行', 1, NULL, 4, 2, NULL, NULL, NULL, NULL, NULL, NULL, NULL, NULL, NULL, NULL);
INSERT INTO `tags` VALUES (129, '购物', 1, NULL, 4, 2, NULL, NULL, NULL, NULL, NULL, NULL, NULL, NULL, NULL, NULL);
INSERT INTO `tags` VALUES (130, '医疗', 1, NULL, 4, 2, NULL, NULL, NULL, NULL, NULL, NULL, NULL, NULL, NULL, NULL);
INSERT INTO `tags` VALUES (131, '燃气费', 1, NULL, 4, 2, NULL, NULL, NULL, NULL, NULL, NULL, NULL, NULL, NULL, NULL);
INSERT INTO `tags` VALUES (132, '水费', 1, NULL, 4, 2, NULL, NULL, NULL, NULL, NULL, NULL, NULL, NULL, NULL, NULL);
INSERT INTO `tags` VALUES (133, '电费', 1, NULL, 4, 2, NULL, NULL, NULL, NULL, NULL, NULL, NULL, NULL, NULL, NULL);
INSERT INTO `tags` VALUES (134, '话费', 1, NULL, 4, 2, NULL, NULL, NULL, NULL, NULL, NULL, NULL, NULL, NULL, NULL);
INSERT INTO `tags` VALUES (135, '保险', 1, NULL, 4, 2, NULL, NULL, NULL, NULL, NULL, NULL, NULL, NULL, NULL, NULL);
INSERT INTO `tags` VALUES (136, '人情', 1, NULL, 4, 2, NULL, NULL, NULL, NULL, NULL, NULL, NULL, NULL, NULL, NULL);
INSERT INTO `tags` VALUES (137, '娱乐', 1, NULL, 4, 2, NULL, NULL, NULL, NULL, NULL, NULL, NULL, NULL, NULL, NULL);
INSERT INTO `tags` VALUES (138, '教育', 1, NULL, 4, 2, NULL, NULL, NULL, NULL, NULL, NULL, NULL, NULL, NULL, NULL);
INSERT INTO `tags` VALUES (139, '其他', 1, NULL, 4, 2, NULL, NULL, NULL, NULL, NULL, NULL, NULL, NULL, NULL, NULL);
INSERT INTO `tags` VALUES (140, '帅哥', 1, NULL, 4, 3, NULL, NULL, NULL, NULL, NULL, NULL, NULL, NULL, NULL, NULL);
INSERT INTO `tags` VALUES (141, '靓女', 1, NULL, 4, 3, NULL, NULL, NULL, NULL, NULL, NULL, NULL, NULL, NULL, NULL);
INSERT INTO `tags` VALUES (142, '广发信用卡', 1, NULL, 4, 1, 2, 10000, 10000, 1, 20, NULL, NULL, NULL, NULL, NULL);
INSERT INTO `tags` VALUES (143, '招商信用卡', 1, NULL, 4, 1, 2, 10000, 10000, 1, 20, NULL, NULL, NULL, NULL, NULL);
INSERT INTO `tags` VALUES (144, '农行信用卡', 1, NULL, 4, 1, 2, 10000, 10000, 1, 20, NULL, NULL, NULL, NULL, NULL);
INSERT INTO `tags` VALUES (145, '工商信用卡', 1, NULL, 4, 1, 2, 10000, 10000, 1, 20, NULL, NULL, NULL, NULL, NULL);
INSERT INTO `tags` VALUES (146, '齐鲁信用卡', 1, NULL, 4, 1, 2, 10000, 10000, 1, 20, NULL, NULL, NULL, NULL, NULL);
INSERT INTO `tags` VALUES (147, '中信信用卡', 1, NULL, 4, 1, 2, 10000, 10000, 1, 20, NULL, NULL, NULL, NULL, NULL);
INSERT INTO `tags` VALUES (148, '浦发信用卡', 1, NULL, 4, 1, 2, 10000, 10000, 1, 20, NULL, NULL, NULL, NULL, NULL);
INSERT INTO `tags` VALUES (149, '华夏信用卡', 1, NULL, 4, 1, 2, 10000, 10000, 1, 20, NULL, NULL, NULL, NULL, NULL);
INSERT INTO `tags` VALUES (150, '建设信用卡', 1, NULL, 4, 1, 2, 10000, 10000, 1, 20, NULL, NULL, NULL, NULL, NULL);
INSERT INTO `tags` VALUES (151, '光大信用卡', 1, NULL, 4, 1, 2, 10000, 10000, 1, 20, NULL, NULL, NULL, NULL, NULL);
INSERT INTO `tags` VALUES (152, '平安信用卡', 1, NULL, 4, 1, 2, 10000, 10000, 1, 20, NULL, NULL, NULL, NULL, NULL);
INSERT INTO `tags` VALUES (153, '青岛信用卡', 1, NULL, 4, 1, 2, 10000, 10000, 1, 20, NULL, NULL, NULL, NULL, NULL);
INSERT INTO `tags` VALUES (154, '兴业信用卡', 1, NULL, 4, 1, 2, 10000, 10000, 1, 20, NULL, NULL, NULL, NULL, NULL);
INSERT INTO `tags` VALUES (155, '白条', 1, NULL, 4, 1, 2, 10000, 10000, 1, 20, NULL, NULL, NULL, NULL, NULL);
INSERT INTO `tags` VALUES (156, '花呗', 1, NULL, 4, 1, 2, 10000, 10000, 1, 20, NULL, NULL, NULL, NULL, NULL);
INSERT INTO `tags` VALUES (157, '微信', 1, NULL, 4, 1, 1, NULL, NULL, NULL, NULL, NULL, NULL, NULL, NULL, NULL);
INSERT INTO `tags` VALUES (158, '工资', 2, NULL, 4, 2, NULL, NULL, NULL, NULL, NULL, NULL, NULL, NULL, NULL, NULL);
INSERT INTO `tags` VALUES (159, '奖金', 2, NULL, 4, 2, NULL, NULL, NULL, NULL, NULL, NULL, NULL, NULL, NULL, NULL);
INSERT INTO `tags` VALUES (160, '其他', 2, NULL, 4, 2, NULL, NULL, NULL, NULL, NULL, NULL, NULL, NULL, NULL, NULL);
INSERT INTO `tags` VALUES (161, '靓女', 2, NULL, 4, 3, NULL, NULL, NULL, NULL, NULL, NULL, NULL, NULL, NULL, NULL);
INSERT INTO `tags` VALUES (162, '帅哥', 2, NULL, 4, 3, NULL, NULL, NULL, NULL, NULL, NULL, NULL, NULL, NULL, NULL);
INSERT INTO `tags` VALUES (163, '还信用卡', 3, NULL, 4, 2, NULL, NULL, NULL, NULL, NULL, NULL, NULL, NULL, NULL, NULL);
INSERT INTO `tags` VALUES (164, '衣', 1, NULL, 5, 2, NULL, NULL, NULL, NULL, NULL, NULL, NULL, NULL, NULL, NULL);
INSERT INTO `tags` VALUES (165, '食', 1, NULL, 5, 2, NULL, NULL, NULL, NULL, NULL, NULL, NULL, NULL, NULL, NULL);
INSERT INTO `tags` VALUES (166, '住', 1, NULL, 5, 2, NULL, NULL, NULL, NULL, NULL, NULL, NULL, NULL, NULL, NULL);
INSERT INTO `tags` VALUES (167, '行', 1, NULL, 5, 2, NULL, NULL, NULL, NULL, NULL, NULL, NULL, NULL, NULL, NULL);
INSERT INTO `tags` VALUES (168, '购物', 1, NULL, 5, 2, NULL, NULL, NULL, NULL, NULL, NULL, NULL, NULL, NULL, NULL);
INSERT INTO `tags` VALUES (169, '医疗', 1, NULL, 5, 2, NULL, NULL, NULL, NULL, NULL, NULL, NULL, NULL, NULL, NULL);
INSERT INTO `tags` VALUES (170, '燃气费', 1, NULL, 5, 2, NULL, NULL, NULL, NULL, NULL, NULL, NULL, NULL, NULL, NULL);
INSERT INTO `tags` VALUES (171, '水费', 1, NULL, 5, 2, NULL, NULL, NULL, NULL, NULL, NULL, NULL, NULL, NULL, NULL);
INSERT INTO `tags` VALUES (172, '电费', 1, NULL, 5, 2, NULL, NULL, NULL, NULL, NULL, NULL, NULL, NULL, NULL, NULL);
INSERT INTO `tags` VALUES (173, '话费', 1, NULL, 5, 2, NULL, NULL, NULL, NULL, NULL, NULL, NULL, NULL, NULL, NULL);
INSERT INTO `tags` VALUES (174, '保险', 1, NULL, 5, 2, NULL, NULL, NULL, NULL, NULL, NULL, NULL, NULL, NULL, NULL);
INSERT INTO `tags` VALUES (175, '人情', 1, NULL, 5, 2, NULL, NULL, NULL, NULL, NULL, NULL, NULL, NULL, NULL, NULL);
INSERT INTO `tags` VALUES (176, '娱乐', 1, NULL, 5, 2, NULL, NULL, NULL, NULL, NULL, NULL, NULL, NULL, NULL, NULL);
INSERT INTO `tags` VALUES (177, '教育', 1, NULL, 5, 2, NULL, NULL, NULL, NULL, NULL, NULL, NULL, NULL, NULL, NULL);
INSERT INTO `tags` VALUES (178, '其他', 1, NULL, 5, 2, NULL, NULL, NULL, NULL, NULL, NULL, NULL, NULL, NULL, NULL);
INSERT INTO `tags` VALUES (179, '帅哥', 1, NULL, 5, 3, NULL, NULL, NULL, NULL, NULL, NULL, NULL, NULL, NULL, NULL);
INSERT INTO `tags` VALUES (180, '靓女', 1, NULL, 5, 3, NULL, NULL, NULL, NULL, NULL, NULL, NULL, NULL, NULL, NULL);
INSERT INTO `tags` VALUES (181, '广发信用卡', 1, NULL, 5, 1, 2, 10000, 10000, 1, 20, NULL, NULL, NULL, NULL, NULL);
INSERT INTO `tags` VALUES (182, '招商信用卡', 1, NULL, 5, 1, 2, 10000, 10000, 1, 20, NULL, NULL, NULL, NULL, NULL);
INSERT INTO `tags` VALUES (183, '农行信用卡', 1, NULL, 5, 1, 2, 10000, 10000, 1, 20, NULL, NULL, NULL, NULL, NULL);
INSERT INTO `tags` VALUES (184, '工商信用卡', 1, NULL, 5, 1, 2, 10000, 10000, 1, 20, NULL, NULL, NULL, NULL, NULL);
INSERT INTO `tags` VALUES (185, '齐鲁信用卡', 1, NULL, 5, 1, 2, 10000, 10000, 1, 20, NULL, NULL, NULL, NULL, NULL);
INSERT INTO `tags` VALUES (186, '中信信用卡', 1, NULL, 5, 1, 2, 10000, 10000, 1, 20, NULL, NULL, NULL, NULL, NULL);
INSERT INTO `tags` VALUES (187, '浦发信用卡', 1, NULL, 5, 1, 2, 10000, 10000, 1, 20, NULL, NULL, NULL, NULL, NULL);
INSERT INTO `tags` VALUES (188, '华夏信用卡', 1, NULL, 5, 1, 2, 10000, 10000, 1, 20, NULL, NULL, NULL, NULL, NULL);
INSERT INTO `tags` VALUES (189, '建设信用卡', 1, NULL, 5, 1, 2, 10000, 10000, 1, 20, NULL, NULL, NULL, NULL, NULL);
INSERT INTO `tags` VALUES (190, '光大信用卡', 1, NULL, 5, 1, 2, 10000, 10000, 1, 20, NULL, NULL, NULL, NULL, NULL);
INSERT INTO `tags` VALUES (191, '平安信用卡', 1, NULL, 5, 1, 2, 10000, 10000, 1, 20, NULL, NULL, NULL, NULL, NULL);
INSERT INTO `tags` VALUES (192, '青岛信用卡', 1, NULL, 5, 1, 2, 10000, 10000, 1, 20, NULL, NULL, NULL, NULL, NULL);
INSERT INTO `tags` VALUES (193, '兴业信用卡', 1, NULL, 5, 1, 2, 10000, 10000, 1, 20, NULL, NULL, NULL, NULL, NULL);
INSERT INTO `tags` VALUES (194, '白条', 1, NULL, 5, 1, 2, 10000, 10000, 1, 20, NULL, NULL, NULL, NULL, NULL);
INSERT INTO `tags` VALUES (195, '花呗', 1, NULL, 5, 1, 2, 10000, 10000, 1, 20, NULL, NULL, NULL, NULL, NULL);
INSERT INTO `tags` VALUES (196, '微信', 1, NULL, 5, 1, 1, NULL, NULL, NULL, NULL, NULL, NULL, NULL, NULL, NULL);
INSERT INTO `tags` VALUES (197, '工资', 2, NULL, 5, 2, NULL, NULL, NULL, NULL, NULL, NULL, NULL, NULL, NULL, NULL);
INSERT INTO `tags` VALUES (198, '奖金', 2, NULL, 5, 2, NULL, NULL, NULL, NULL, NULL, NULL, NULL, NULL, NULL, NULL);
INSERT INTO `tags` VALUES (199, '其他', 2, NULL, 5, 2, NULL, NULL, NULL, NULL, NULL, NULL, NULL, NULL, NULL, NULL);
INSERT INTO `tags` VALUES (200, '靓女', 2, NULL, 5, 3, NULL, NULL, NULL, NULL, NULL, NULL, NULL, NULL, NULL, NULL);
INSERT INTO `tags` VALUES (201, '帅哥', 2, NULL, 5, 3, NULL, NULL, NULL, NULL, NULL, NULL, NULL, NULL, NULL, NULL);
INSERT INTO `tags` VALUES (202, '还信用卡', 3, NULL, 5, 2, NULL, NULL, NULL, NULL, NULL, NULL, NULL, NULL, NULL, NULL);
INSERT INTO `tags` VALUES (205, '衣', 1, NULL, 6, 2, NULL, 10000, 10000, 1, 20, NULL, NULL, NULL, NULL, NULL);
INSERT INTO `tags` VALUES (206, '食', 1, NULL, 6, 2, NULL, 10000, 10000, 1, 20, NULL, NULL, NULL, NULL, NULL);
INSERT INTO `tags` VALUES (207, '住', 1, NULL, 6, 2, NULL, 10000, 10000, 1, 20, NULL, NULL, NULL, NULL, NULL);
INSERT INTO `tags` VALUES (208, '行', 1, NULL, 6, 2, NULL, 10000, 10000, 1, 20, NULL, NULL, NULL, NULL, NULL);
INSERT INTO `tags` VALUES (209, '购物', 1, NULL, 6, 2, NULL, 10000, 10000, 1, 20, NULL, NULL, NULL, NULL, NULL);
INSERT INTO `tags` VALUES (210, '医疗', 1, NULL, 6, 2, NULL, 10000, 10000, 1, 20, NULL, NULL, NULL, NULL, NULL);
INSERT INTO `tags` VALUES (211, '燃气费', 1, NULL, 6, 2, NULL, 10000, 10000, 1, 20, NULL, NULL, NULL, NULL, NULL);
INSERT INTO `tags` VALUES (212, '水费', 1, NULL, 6, 2, NULL, 10000, 10000, 1, 20, NULL, NULL, NULL, NULL, NULL);
INSERT INTO `tags` VALUES (213, '电费', 1, NULL, 6, 2, NULL, 10000, 10000, 1, 20, NULL, NULL, NULL, NULL, NULL);
INSERT INTO `tags` VALUES (214, '话费', 1, NULL, 6, 2, NULL, 10000, 10000, 1, 20, NULL, NULL, NULL, NULL, NULL);
INSERT INTO `tags` VALUES (215, '保险', 1, NULL, 6, 2, NULL, 10000, 10000, 1, 20, NULL, NULL, NULL, NULL, NULL);
INSERT INTO `tags` VALUES (216, '人情', 1, NULL, 6, 2, NULL, 10000, 10000, 1, 20, NULL, NULL, NULL, NULL, NULL);
INSERT INTO `tags` VALUES (217, '娱乐', 1, NULL, 6, 2, NULL, 10000, 10000, 1, 20, NULL, NULL, NULL, NULL, NULL);
INSERT INTO `tags` VALUES (218, '教育', 1, NULL, 6, 2, NULL, 10000, 10000, 1, 20, NULL, NULL, NULL, NULL, NULL);
INSERT INTO `tags` VALUES (219, '其他', 1, NULL, 6, 2, NULL, 10000, 10000, 1, 20, NULL, NULL, NULL, NULL, NULL);
INSERT INTO `tags` VALUES (220, '帅哥', 1, NULL, 6, 3, NULL, 10000, 10000, 1, 20, NULL, NULL, NULL, NULL, NULL);
INSERT INTO `tags` VALUES (221, '靓女', 1, NULL, 6, 3, NULL, 10000, 10000, 1, 20, NULL, NULL, NULL, NULL, NULL);
INSERT INTO `tags` VALUES (222, '广发信用卡', 1, NULL, 6, 1, 2, 10000, 10000, 1, 20, NULL, NULL, NULL, NULL, NULL);
INSERT INTO `tags` VALUES (223, '招商信用卡', 1, NULL, 6, 1, 2, 10000, 10000, 1, 20, NULL, NULL, NULL, NULL, NULL);
INSERT INTO `tags` VALUES (224, '农行信用卡', 1, NULL, 6, 1, 2, 10000, 10000, 1, 20, NULL, NULL, NULL, NULL, NULL);
INSERT INTO `tags` VALUES (225, '工商信用卡', 1, NULL, 6, 1, 2, 10000, 10000, 1, 20, NULL, NULL, NULL, NULL, NULL);
INSERT INTO `tags` VALUES (226, '齐鲁信用卡', 1, NULL, 6, 1, 2, 10000, 10000, 1, 20, NULL, NULL, NULL, NULL, NULL);
INSERT INTO `tags` VALUES (227, '中信信用卡', 1, NULL, 6, 1, 2, 10000, 10000, 1, 20, NULL, NULL, NULL, NULL, NULL);
INSERT INTO `tags` VALUES (228, '浦发信用卡', 1, NULL, 6, 1, 2, 10000, 10000, 1, 20, NULL, NULL, NULL, NULL, NULL);
INSERT INTO `tags` VALUES (229, '华夏信用卡', 1, NULL, 6, 1, 2, 10000, 10000, 1, 20, NULL, NULL, NULL, NULL, NULL);
INSERT INTO `tags` VALUES (230, '建设信用卡', 1, NULL, 6, 1, 2, 10000, 10000, 1, 20, NULL, NULL, NULL, NULL, NULL);
INSERT INTO `tags` VALUES (231, '光大信用卡', 1, NULL, 6, 1, 2, 10000, 10000, 1, 20, NULL, NULL, NULL, NULL, NULL);
INSERT INTO `tags` VALUES (232, '平安信用卡', 1, NULL, 6, 1, 2, 10000, 10000, 1, 20, NULL, NULL, NULL, NULL, NULL);
INSERT INTO `tags` VALUES (233, '青岛信用卡', 1, NULL, 6, 1, 2, 10000, 10000, 1, 20, NULL, NULL, NULL, NULL, NULL);
INSERT INTO `tags` VALUES (234, '兴业信用卡', 1, NULL, 6, 1, 2, 10000, 10000, 1, 20, NULL, NULL, NULL, NULL, NULL);
INSERT INTO `tags` VALUES (235, '白条', 1, NULL, 6, 1, 2, 10000, 10000, 1, 20, NULL, NULL, NULL, NULL, NULL);
INSERT INTO `tags` VALUES (236, '花呗', 1, NULL, 6, 1, 2, 10000, 10000, 1, 20, NULL, NULL, NULL, NULL, NULL);
INSERT INTO `tags` VALUES (237, '微信', 1, NULL, 6, 1, 1, 10000, 10000, 1, 20, NULL, NULL, NULL, NULL, NULL);
INSERT INTO `tags` VALUES (238, '工资', 2, NULL, 6, 2, NULL, 10000, 10000, 1, 20, NULL, NULL, NULL, NULL, NULL);
INSERT INTO `tags` VALUES (239, '奖金', 2, NULL, 6, 2, NULL, 10000, 10000, 1, 20, NULL, NULL, NULL, NULL, NULL);
INSERT INTO `tags` VALUES (240, '其他', 2, NULL, 6, 2, NULL, 10000, 10000, 1, 20, NULL, NULL, NULL, NULL, NULL);
INSERT INTO `tags` VALUES (241, '靓女', 2, NULL, 6, 3, NULL, 10000, 10000, 1, 20, NULL, NULL, NULL, NULL, NULL);
INSERT INTO `tags` VALUES (242, '帅哥', 2, NULL, 6, 3, NULL, 10000, 10000, 1, 20, NULL, NULL, NULL, NULL, NULL);
INSERT INTO `tags` VALUES (243, '还信用卡', 3, NULL, 6, 2, NULL, 10000, 10000, 1, 20, NULL, NULL, NULL, NULL, NULL);
INSERT INTO `tags` VALUES (244, '衣', 1, NULL, 7, 2, NULL, 10000, 10000, 1, 20, NULL, NULL, NULL, NULL, NULL);
INSERT INTO `tags` VALUES (245, '食', 1, NULL, 7, 2, NULL, 10000, 10000, 1, 20, NULL, NULL, NULL, NULL, NULL);
INSERT INTO `tags` VALUES (246, '住', 1, NULL, 7, 2, NULL, 10000, 10000, 1, 20, NULL, NULL, NULL, NULL, NULL);
INSERT INTO `tags` VALUES (247, '行', 1, NULL, 7, 2, NULL, 10000, 10000, 1, 20, NULL, NULL, NULL, NULL, NULL);
INSERT INTO `tags` VALUES (248, '购物', 1, NULL, 7, 2, NULL, 10000, 10000, 1, 20, NULL, NULL, NULL, NULL, NULL);
INSERT INTO `tags` VALUES (249, '医疗', 1, NULL, 7, 2, NULL, 10000, 10000, 1, 20, NULL, NULL, NULL, NULL, NULL);
INSERT INTO `tags` VALUES (250, '燃气费', 1, NULL, 7, 2, NULL, 10000, 10000, 1, 20, NULL, NULL, NULL, NULL, NULL);
INSERT INTO `tags` VALUES (251, '水费', 1, NULL, 7, 2, NULL, 10000, 10000, 1, 20, NULL, NULL, NULL, NULL, NULL);
INSERT INTO `tags` VALUES (252, '电费', 1, NULL, 7, 2, NULL, 10000, 10000, 1, 20, NULL, NULL, NULL, NULL, NULL);
INSERT INTO `tags` VALUES (253, '话费', 1, NULL, 7, 2, NULL, 10000, 10000, 1, 20, NULL, NULL, NULL, NULL, NULL);
INSERT INTO `tags` VALUES (254, '保险', 1, NULL, 7, 2, NULL, 10000, 10000, 1, 20, NULL, NULL, NULL, NULL, NULL);
INSERT INTO `tags` VALUES (255, '人情', 1, NULL, 7, 2, NULL, 10000, 10000, 1, 20, NULL, NULL, NULL, NULL, NULL);
INSERT INTO `tags` VALUES (256, '娱乐', 1, NULL, 7, 2, NULL, 10000, 10000, 1, 20, NULL, NULL, NULL, NULL, NULL);
INSERT INTO `tags` VALUES (257, '教育', 1, NULL, 7, 2, NULL, 10000, 10000, 1, 20, NULL, NULL, NULL, NULL, NULL);
INSERT INTO `tags` VALUES (258, '其他', 1, NULL, 7, 2, NULL, 10000, 10000, 1, 20, NULL, NULL, NULL, NULL, NULL);
INSERT INTO `tags` VALUES (259, '帅哥', 1, NULL, 7, 3, NULL, 10000, 10000, 1, 20, NULL, NULL, NULL, NULL, NULL);
INSERT INTO `tags` VALUES (260, '靓女', 1, NULL, 7, 3, NULL, 10000, 10000, 1, 20, NULL, NULL, NULL, NULL, NULL);
INSERT INTO `tags` VALUES (263, '农行信用卡', 1, NULL, 7, 1, 2, 10000, 10000, 1, 20, NULL, NULL, NULL, NULL, NULL);
INSERT INTO `tags` VALUES (264, '工商信用卡', 1, NULL, 7, 1, 2, 10000, 10000, 1, 20, NULL, NULL, NULL, NULL, NULL);
INSERT INTO `tags` VALUES (265, '齐鲁信用卡', 1, NULL, 7, 1, 2, 10000, 10000, 1, 20, NULL, NULL, NULL, NULL, NULL);
INSERT INTO `tags` VALUES (266, '中信信用卡', 1, NULL, 7, 1, 2, 10000, 10000, 1, 20, NULL, NULL, NULL, NULL, NULL);
INSERT INTO `tags` VALUES (267, '浦发信用卡', 1, NULL, 7, 1, 2, 10000, 10000, 1, 20, NULL, NULL, NULL, NULL, NULL);
INSERT INTO `tags` VALUES (268, '华夏信用卡', 1, NULL, 7, 1, 2, 10000, 10000, 1, 20, NULL, NULL, NULL, NULL, NULL);
INSERT INTO `tags` VALUES (269, '建设信用卡', 1, NULL, 7, 1, 2, 10000, 10000, 1, 20, NULL, NULL, NULL, NULL, NULL);
INSERT INTO `tags` VALUES (270, '光大信用卡', 1, NULL, 7, 1, 2, 10000, 10000, 1, 20, NULL, NULL, NULL, NULL, NULL);
INSERT INTO `tags` VALUES (271, '平安信用卡', 1, NULL, 7, 1, 2, 10000, 10000, 1, 20, NULL, NULL, NULL, NULL, NULL);
INSERT INTO `tags` VALUES (272, '青岛信用卡', 1, NULL, 7, 1, 2, 10000, 10000, 1, 20, NULL, NULL, NULL, NULL, NULL);
INSERT INTO `tags` VALUES (273, '兴业信用卡', 1, NULL, 7, 1, 2, 10000, 10000, 1, 20, NULL, NULL, NULL, NULL, NULL);
INSERT INTO `tags` VALUES (274, '白条', 1, NULL, 7, 1, 2, 10000, 10000, 1, 20, NULL, NULL, NULL, NULL, NULL);
INSERT INTO `tags` VALUES (275, '花呗', 1, NULL, 7, 1, 2, 10000, 10000, 1, 20, NULL, NULL, NULL, NULL, NULL);
INSERT INTO `tags` VALUES (276, '微信', 1, NULL, 7, 1, 1, 10000, 10000, 1, 20, NULL, NULL, NULL, NULL, NULL);
INSERT INTO `tags` VALUES (277, '工资', 2, NULL, 7, 2, NULL, 10000, 10000, 1, 20, NULL, NULL, NULL, NULL, NULL);
INSERT INTO `tags` VALUES (278, '奖金', 2, NULL, 7, 2, NULL, 10000, 10000, 1, 20, NULL, NULL, NULL, NULL, NULL);
INSERT INTO `tags` VALUES (279, '其他', 2, NULL, 7, 2, NULL, 10000, 10000, 1, 20, NULL, NULL, NULL, NULL, NULL);
INSERT INTO `tags` VALUES (280, '靓女', 2, NULL, 7, 3, NULL, 10000, 10000, 1, 20, NULL, NULL, NULL, NULL, NULL);
INSERT INTO `tags` VALUES (281, '帅哥', 2, NULL, 7, 3, NULL, 10000, 10000, 1, 20, NULL, NULL, NULL, NULL, NULL);
INSERT INTO `tags` VALUES (282, '还信用卡', 3, NULL, 7, 2, NULL, 10000, 10000, 1, 20, NULL, NULL, NULL, NULL, NULL);
INSERT INTO `tags` VALUES (283, '衣', 1, NULL, 8, 2, NULL, 10000, 10000, 1, 20, NULL, NULL, NULL, NULL, NULL);
INSERT INTO `tags` VALUES (284, '食', 1, NULL, 8, 2, NULL, 10000, 10000, 1, 20, NULL, NULL, NULL, NULL, NULL);
INSERT INTO `tags` VALUES (285, '住', 1, NULL, 8, 2, NULL, 10000, 10000, 1, 20, NULL, NULL, NULL, NULL, NULL);
INSERT INTO `tags` VALUES (286, '行', 1, NULL, 8, 2, NULL, 10000, 10000, 1, 20, NULL, NULL, NULL, NULL, NULL);
INSERT INTO `tags` VALUES (287, '购物', 1, NULL, 8, 2, NULL, 10000, 10000, 1, 20, NULL, NULL, NULL, NULL, NULL);
INSERT INTO `tags` VALUES (288, '医疗', 1, NULL, 8, 2, NULL, 10000, 10000, 1, 20, NULL, NULL, NULL, NULL, NULL);
INSERT INTO `tags` VALUES (289, '燃气费', 1, NULL, 8, 2, NULL, 10000, 10000, 1, 20, NULL, NULL, NULL, NULL, NULL);
INSERT INTO `tags` VALUES (290, '水费', 1, NULL, 8, 2, NULL, 10000, 10000, 1, 20, NULL, NULL, NULL, NULL, NULL);
INSERT INTO `tags` VALUES (291, '电费', 1, NULL, 8, 2, NULL, 10000, 10000, 1, 20, NULL, NULL, NULL, NULL, NULL);
INSERT INTO `tags` VALUES (292, '话费', 1, NULL, 8, 2, NULL, 10000, 10000, 1, 20, NULL, NULL, NULL, NULL, NULL);
INSERT INTO `tags` VALUES (293, '保险', 1, NULL, 8, 2, NULL, 10000, 10000, 1, 20, NULL, NULL, NULL, NULL, NULL);
INSERT INTO `tags` VALUES (294, '人情', 1, NULL, 8, 2, NULL, 10000, 10000, 1, 20, NULL, NULL, NULL, NULL, NULL);
INSERT INTO `tags` VALUES (295, '娱乐', 1, NULL, 8, 2, NULL, 10000, 10000, 1, 20, NULL, NULL, NULL, NULL, NULL);
INSERT INTO `tags` VALUES (296, '教育', 1, NULL, 8, 2, NULL, 10000, 10000, 1, 20, NULL, NULL, NULL, NULL, NULL);
INSERT INTO `tags` VALUES (297, '其他', 1, NULL, 8, 2, NULL, 10000, 10000, 1, 20, NULL, NULL, NULL, NULL, NULL);
INSERT INTO `tags` VALUES (298, '帅哥', 1, NULL, 8, 3, NULL, 10000, 10000, 1, 20, NULL, NULL, NULL, NULL, NULL);
INSERT INTO `tags` VALUES (299, '靓女', 1, NULL, 8, 3, NULL, 10000, 10000, 1, 20, NULL, NULL, NULL, NULL, NULL);
INSERT INTO `tags` VALUES (300, '广发信用卡', 1, NULL, 8, 1, 2, 10000, 10000, 1, 20, NULL, NULL, NULL, NULL, NULL);
INSERT INTO `tags` VALUES (301, '招商信用卡', 1, NULL, 8, 1, 2, 10000, 10000, 1, 20, NULL, NULL, NULL, NULL, NULL);
INSERT INTO `tags` VALUES (302, '农行信用卡', 1, NULL, 8, 1, 2, 10000, 10000, 1, 20, NULL, NULL, NULL, NULL, NULL);
INSERT INTO `tags` VALUES (303, '工商信用卡', 1, NULL, 8, 1, 2, 10000, 10000, 1, 20, NULL, NULL, NULL, NULL, NULL);
INSERT INTO `tags` VALUES (304, '齐鲁信用卡', 1, NULL, 8, 1, 2, 10000, 10000, 1, 20, NULL, NULL, NULL, NULL, NULL);
INSERT INTO `tags` VALUES (305, '中信信用卡', 1, NULL, 8, 1, 2, 10000, 10000, 1, 20, NULL, NULL, NULL, NULL, NULL);
INSERT INTO `tags` VALUES (306, '浦发信用卡', 1, NULL, 8, 1, 2, 10000, 10000, 1, 20, NULL, NULL, NULL, NULL, NULL);
INSERT INTO `tags` VALUES (307, '华夏信用卡', 1, NULL, 8, 1, 2, 10000, 10000, 1, 20, NULL, NULL, NULL, NULL, NULL);
INSERT INTO `tags` VALUES (308, '建设信用卡', 1, NULL, 8, 1, 2, 10000, 10000, 1, 20, NULL, NULL, NULL, NULL, NULL);
INSERT INTO `tags` VALUES (309, '光大信用卡', 1, NULL, 8, 1, 2, 10000, 10000, 1, 20, NULL, NULL, NULL, NULL, NULL);
INSERT INTO `tags` VALUES (310, '平安信用卡', 1, NULL, 8, 1, 2, 10000, 10000, 1, 20, NULL, NULL, NULL, NULL, NULL);
INSERT INTO `tags` VALUES (311, '青岛信用卡', 1, NULL, 8, 1, 2, 10000, 10000, 1, 20, NULL, NULL, NULL, NULL, NULL);
INSERT INTO `tags` VALUES (312, '兴业信用卡', 1, NULL, 8, 1, 2, 10000, 10000, 1, 20, NULL, NULL, NULL, NULL, NULL);
INSERT INTO `tags` VALUES (313, '白条', 1, NULL, 8, 1, 2, 10000, 10000, 1, 20, NULL, NULL, NULL, NULL, NULL);
INSERT INTO `tags` VALUES (314, '花呗', 1, NULL, 8, 1, 2, 10000, 10000, 1, 20, NULL, NULL, NULL, NULL, NULL);
INSERT INTO `tags` VALUES (315, '微信', 1, NULL, 8, 1, 1, 10000, 10000, 1, 20, NULL, NULL, NULL, NULL, NULL);
INSERT INTO `tags` VALUES (316, '工资', 2, NULL, 8, 2, NULL, 10000, 10000, 1, 20, NULL, NULL, NULL, NULL, NULL);
INSERT INTO `tags` VALUES (317, '奖金', 2, NULL, 8, 2, NULL, 10000, 10000, 1, 20, NULL, NULL, NULL, NULL, NULL);
INSERT INTO `tags` VALUES (318, '其他', 2, NULL, 8, 2, NULL, 10000, 10000, 1, 20, NULL, NULL, NULL, NULL, NULL);
INSERT INTO `tags` VALUES (319, '靓女', 2, NULL, 8, 3, NULL, 10000, 10000, 1, 20, NULL, NULL, NULL, NULL, NULL);
INSERT INTO `tags` VALUES (320, '帅哥', 2, NULL, 8, 3, NULL, 10000, 10000, 1, 20, NULL, NULL, NULL, NULL, NULL);
INSERT INTO `tags` VALUES (321, '还信用卡', 3, NULL, 8, 2, NULL, 10000, 10000, 1, 20, NULL, NULL, NULL, NULL, NULL);
INSERT INTO `tags` VALUES (322, '衣', 1, NULL, 9, 2, NULL, 10000, 10000, 1, 20, NULL, NULL, NULL, NULL, NULL);
INSERT INTO `tags` VALUES (323, '食', 1, NULL, 9, 2, NULL, 10000, 10000, 1, 20, NULL, NULL, NULL, NULL, NULL);
INSERT INTO `tags` VALUES (324, '住', 1, NULL, 9, 2, NULL, 10000, 10000, 1, 20, NULL, NULL, NULL, NULL, NULL);
INSERT INTO `tags` VALUES (325, '行', 1, NULL, 9, 2, NULL, 10000, 10000, 1, 20, NULL, NULL, NULL, NULL, NULL);
INSERT INTO `tags` VALUES (326, '购物', 1, NULL, 9, 2, NULL, 10000, 10000, 1, 20, NULL, NULL, NULL, NULL, NULL);
INSERT INTO `tags` VALUES (327, '医疗', 1, NULL, 9, 2, NULL, 10000, 10000, 1, 20, NULL, NULL, NULL, NULL, NULL);
INSERT INTO `tags` VALUES (328, '燃气费', 1, NULL, 9, 2, NULL, 10000, 10000, 1, 20, NULL, NULL, NULL, NULL, NULL);
INSERT INTO `tags` VALUES (329, '水费', 1, NULL, 9, 2, NULL, 10000, 10000, 1, 20, NULL, NULL, NULL, NULL, NULL);
INSERT INTO `tags` VALUES (330, '电费', 1, NULL, 9, 2, NULL, 10000, 10000, 1, 20, NULL, NULL, NULL, NULL, NULL);
INSERT INTO `tags` VALUES (331, '话费', 1, NULL, 9, 2, NULL, 10000, 10000, 1, 20, NULL, NULL, NULL, NULL, NULL);
INSERT INTO `tags` VALUES (332, '保险', 1, NULL, 9, 2, NULL, 10000, 10000, 1, 20, NULL, NULL, NULL, NULL, NULL);
INSERT INTO `tags` VALUES (333, '人情', 1, NULL, 9, 2, NULL, 10000, 10000, 1, 20, NULL, NULL, NULL, NULL, NULL);
INSERT INTO `tags` VALUES (334, '娱乐', 1, NULL, 9, 2, NULL, 10000, 10000, 1, 20, NULL, NULL, NULL, NULL, NULL);
INSERT INTO `tags` VALUES (335, '教育', 1, NULL, 9, 2, NULL, 10000, 10000, 1, 20, NULL, NULL, NULL, NULL, NULL);
INSERT INTO `tags` VALUES (336, '其他', 1, NULL, 9, 2, NULL, 10000, 10000, 1, 20, NULL, NULL, NULL, NULL, NULL);
INSERT INTO `tags` VALUES (337, '帅哥', 1, NULL, 9, 3, NULL, 10000, 10000, 1, 20, NULL, NULL, NULL, NULL, NULL);
INSERT INTO `tags` VALUES (338, '靓女', 1, NULL, 9, 3, NULL, 10000, 10000, 1, 20, NULL, NULL, NULL, NULL, NULL);
INSERT INTO `tags` VALUES (339, '广发信用卡', 1, NULL, 9, 1, 2, 10000, 10000, 1, 20, NULL, NULL, NULL, NULL, NULL);
INSERT INTO `tags` VALUES (340, '招商信用卡', 1, NULL, 9, 1, 2, 10000, 10000, 1, 20, NULL, NULL, NULL, NULL, NULL);
INSERT INTO `tags` VALUES (341, '农行信用卡', 1, NULL, 9, 1, 2, 10000, 10000, 1, 20, NULL, NULL, NULL, NULL, NULL);
INSERT INTO `tags` VALUES (342, '工商信用卡', 1, NULL, 9, 1, 2, 10000, 10000, 1, 20, NULL, NULL, NULL, NULL, NULL);
INSERT INTO `tags` VALUES (343, '齐鲁信用卡', 1, NULL, 9, 1, 2, 10000, 10000, 1, 20, NULL, NULL, NULL, NULL, NULL);
INSERT INTO `tags` VALUES (344, '中信信用卡', 1, NULL, 9, 1, 2, 10000, 10000, 1, 20, NULL, NULL, NULL, NULL, NULL);
INSERT INTO `tags` VALUES (345, '浦发信用卡', 1, NULL, 9, 1, 2, 10000, 10000, 1, 20, NULL, NULL, NULL, NULL, NULL);
INSERT INTO `tags` VALUES (346, '华夏信用卡', 1, NULL, 9, 1, 2, 10000, 10000, 1, 20, NULL, NULL, NULL, NULL, NULL);
INSERT INTO `tags` VALUES (347, '建设信用卡', 1, NULL, 9, 1, 2, 10000, 10000, 1, 20, NULL, NULL, NULL, NULL, NULL);
INSERT INTO `tags` VALUES (348, '光大信用卡', 1, NULL, 9, 1, 2, 10000, 10000, 1, 20, NULL, NULL, NULL, NULL, NULL);
INSERT INTO `tags` VALUES (349, '平安信用卡', 1, NULL, 9, 1, 2, 10000, 10000, 1, 20, NULL, NULL, NULL, NULL, NULL);
INSERT INTO `tags` VALUES (350, '青岛信用卡', 1, NULL, 9, 1, 2, 10000, 10000, 1, 20, NULL, NULL, NULL, NULL, NULL);
INSERT INTO `tags` VALUES (351, '兴业信用卡', 1, NULL, 9, 1, 2, 10000, 10000, 1, 20, NULL, NULL, NULL, NULL, NULL);
INSERT INTO `tags` VALUES (352, '白条', 1, NULL, 9, 1, 2, 10000, 10000, 1, 20, NULL, NULL, NULL, NULL, NULL);
INSERT INTO `tags` VALUES (353, '花呗', 1, NULL, 9, 1, 2, 10000, 10000, 1, 20, NULL, NULL, NULL, NULL, NULL);
INSERT INTO `tags` VALUES (354, '微信', 1, NULL, 9, 1, 1, 10000, 10000, 1, 20, NULL, NULL, NULL, NULL, NULL);
INSERT INTO `tags` VALUES (355, '工资', 2, NULL, 9, 2, NULL, 10000, 10000, 1, 20, NULL, NULL, NULL, NULL, NULL);
INSERT INTO `tags` VALUES (356, '奖金', 2, NULL, 9, 2, NULL, 10000, 10000, 1, 20, NULL, NULL, NULL, NULL, NULL);
INSERT INTO `tags` VALUES (357, '其他', 2, NULL, 9, 2, NULL, 10000, 10000, 1, 20, NULL, NULL, NULL, NULL, NULL);
INSERT INTO `tags` VALUES (358, '靓女', 2, NULL, 9, 3, NULL, 10000, 10000, 1, 20, NULL, NULL, NULL, NULL, NULL);
INSERT INTO `tags` VALUES (359, '帅哥', 2, NULL, 9, 3, NULL, 10000, 10000, 1, 20, NULL, NULL, NULL, NULL, NULL);
INSERT INTO `tags` VALUES (360, '还信用卡', 3, NULL, 9, 2, NULL, 10000, 10000, 1, 20, NULL, NULL, NULL, NULL, NULL);
INSERT INTO `tags` VALUES (361, '衣', 1, NULL, 10, 2, NULL, 10000, 10000, 1, 20, NULL, NULL, NULL, NULL, NULL);
INSERT INTO `tags` VALUES (362, '食', 1, NULL, 10, 2, NULL, 10000, 10000, 1, 20, NULL, NULL, NULL, NULL, NULL);
INSERT INTO `tags` VALUES (363, '住', 1, NULL, 10, 2, NULL, 10000, 10000, 1, 20, NULL, NULL, NULL, NULL, NULL);
INSERT INTO `tags` VALUES (364, '行', 1, NULL, 10, 2, NULL, 10000, 10000, 1, 20, NULL, NULL, NULL, NULL, NULL);
INSERT INTO `tags` VALUES (365, '购物', 1, NULL, 10, 2, NULL, 10000, 10000, 1, 20, NULL, NULL, NULL, NULL, NULL);
INSERT INTO `tags` VALUES (366, '医疗', 1, NULL, 10, 2, NULL, 10000, 10000, 1, 20, NULL, NULL, NULL, NULL, NULL);
INSERT INTO `tags` VALUES (367, '燃气费', 1, NULL, 10, 2, NULL, 10000, 10000, 1, 20, NULL, NULL, NULL, NULL, NULL);
INSERT INTO `tags` VALUES (368, '水费', 1, NULL, 10, 2, NULL, 10000, 10000, 1, 20, NULL, NULL, NULL, NULL, NULL);
INSERT INTO `tags` VALUES (369, '电费', 1, NULL, 10, 2, NULL, 10000, 10000, 1, 20, NULL, NULL, NULL, NULL, NULL);
INSERT INTO `tags` VALUES (370, '话费', 1, NULL, 10, 2, NULL, 10000, 10000, 1, 20, NULL, NULL, NULL, NULL, NULL);
INSERT INTO `tags` VALUES (371, '保险', 1, NULL, 10, 2, NULL, 10000, 10000, 1, 20, NULL, NULL, NULL, NULL, NULL);
INSERT INTO `tags` VALUES (372, '人情', 1, NULL, 10, 2, NULL, 10000, 10000, 1, 20, NULL, NULL, NULL, NULL, NULL);
INSERT INTO `tags` VALUES (373, '娱乐', 1, NULL, 10, 2, NULL, 10000, 10000, 1, 20, NULL, NULL, NULL, NULL, NULL);
INSERT INTO `tags` VALUES (374, '教育', 1, NULL, 10, 2, NULL, 10000, 10000, 1, 20, NULL, NULL, NULL, NULL, NULL);
INSERT INTO `tags` VALUES (375, '其他', 1, NULL, 10, 2, NULL, 10000, 10000, 1, 20, NULL, NULL, NULL, NULL, NULL);
INSERT INTO `tags` VALUES (376, '帅哥', 1, NULL, 10, 3, NULL, 10000, 10000, 1, 20, NULL, NULL, NULL, NULL, NULL);
INSERT INTO `tags` VALUES (377, '靓女', 1, NULL, 10, 3, NULL, 10000, 10000, 1, 20, NULL, NULL, NULL, NULL, NULL);
INSERT INTO `tags` VALUES (378, '广发信用卡', 1, NULL, 10, 1, 2, 10000, 10000, 1, 20, NULL, NULL, NULL, NULL, NULL);
INSERT INTO `tags` VALUES (379, '招商信用卡', 1, NULL, 10, 1, 2, 10000, 10000, 1, 20, NULL, NULL, NULL, NULL, NULL);
INSERT INTO `tags` VALUES (380, '农行信用卡', 1, NULL, 10, 1, 2, 10000, 10000, 1, 20, NULL, NULL, NULL, NULL, NULL);
INSERT INTO `tags` VALUES (381, '工商信用卡', 1, NULL, 10, 1, 2, 10000, 10000, 1, 20, NULL, NULL, NULL, NULL, NULL);
INSERT INTO `tags` VALUES (382, '齐鲁信用卡', 1, NULL, 10, 1, 2, 10000, 10000, 1, 20, NULL, NULL, NULL, NULL, NULL);
INSERT INTO `tags` VALUES (383, '中信信用卡', 1, NULL, 10, 1, 2, 10000, 10000, 1, 20, NULL, NULL, NULL, NULL, NULL);
INSERT INTO `tags` VALUES (384, '浦发信用卡', 1, NULL, 10, 1, 2, 10000, 10000, 1, 20, NULL, NULL, NULL, NULL, NULL);
INSERT INTO `tags` VALUES (385, '华夏信用卡', 1, NULL, 10, 1, 2, 10000, 10000, 1, 20, NULL, NULL, NULL, NULL, NULL);
INSERT INTO `tags` VALUES (386, '建设信用卡', 1, NULL, 10, 1, 2, 10000, 10000, 1, 20, NULL, NULL, NULL, NULL, NULL);
INSERT INTO `tags` VALUES (387, '光大信用卡', 1, NULL, 10, 1, 2, 10000, 10000, 1, 20, NULL, NULL, NULL, NULL, NULL);
INSERT INTO `tags` VALUES (388, '平安信用卡', 1, NULL, 10, 1, 2, 10000, 10000, 1, 20, NULL, NULL, NULL, NULL, NULL);
INSERT INTO `tags` VALUES (389, '青岛信用卡', 1, NULL, 10, 1, 2, 10000, 10000, 1, 20, NULL, NULL, NULL, NULL, NULL);
INSERT INTO `tags` VALUES (390, '兴业信用卡', 1, NULL, 10, 1, 2, 10000, 10000, 1, 20, NULL, NULL, NULL, NULL, NULL);
INSERT INTO `tags` VALUES (391, '白条', 1, NULL, 10, 1, 2, 10000, 10000, 1, 20, NULL, NULL, NULL, NULL, NULL);
INSERT INTO `tags` VALUES (392, '花呗', 1, NULL, 10, 1, 2, 10000, 10000, 1, 20, NULL, NULL, NULL, NULL, NULL);
INSERT INTO `tags` VALUES (393, '微信', 1, NULL, 10, 1, 1, 10000, 10000, 1, 20, NULL, NULL, NULL, NULL, NULL);
INSERT INTO `tags` VALUES (394, '工资', 2, NULL, 10, 2, NULL, 10000, 10000, 1, 20, NULL, NULL, NULL, NULL, NULL);
INSERT INTO `tags` VALUES (395, '奖金', 2, NULL, 10, 2, NULL, 10000, 10000, 1, 20, NULL, NULL, NULL, NULL, NULL);
INSERT INTO `tags` VALUES (396, '其他', 2, NULL, 10, 2, NULL, 10000, 10000, 1, 20, NULL, NULL, NULL, NULL, NULL);
INSERT INTO `tags` VALUES (397, '靓女', 2, NULL, 10, 3, NULL, 10000, 10000, 1, 20, NULL, NULL, NULL, NULL, NULL);
INSERT INTO `tags` VALUES (398, '帅哥', 2, NULL, 10, 3, NULL, 10000, 10000, 1, 20, NULL, NULL, NULL, NULL, NULL);
INSERT INTO `tags` VALUES (399, '还信用卡', 3, NULL, 10, 2, NULL, 10000, 10000, 1, 20, NULL, NULL, NULL, NULL, NULL);
INSERT INTO `tags` VALUES (400, '衣', 1, NULL, 11, 2, NULL, 10000, 10000, 1, 20, NULL, NULL, NULL, NULL, NULL);
INSERT INTO `tags` VALUES (401, '食', 1, NULL, 11, 2, NULL, 10000, 10000, 1, 20, NULL, NULL, NULL, NULL, NULL);
INSERT INTO `tags` VALUES (402, '住', 1, NULL, 11, 2, NULL, 10000, 10000, 1, 20, NULL, NULL, NULL, NULL, NULL);
INSERT INTO `tags` VALUES (403, '行', 1, NULL, 11, 2, NULL, 10000, 10000, 1, 20, NULL, NULL, NULL, NULL, NULL);
INSERT INTO `tags` VALUES (404, '购物', 1, NULL, 11, 2, NULL, 10000, 10000, 1, 20, NULL, NULL, NULL, NULL, NULL);
INSERT INTO `tags` VALUES (405, '医疗', 1, NULL, 11, 2, NULL, 10000, 10000, 1, 20, NULL, NULL, NULL, NULL, NULL);
INSERT INTO `tags` VALUES (406, '燃气费', 1, NULL, 11, 2, NULL, 10000, 10000, 1, 20, NULL, NULL, NULL, NULL, NULL);
INSERT INTO `tags` VALUES (407, '水费', 1, NULL, 11, 2, NULL, 10000, 10000, 1, 20, NULL, NULL, NULL, NULL, NULL);
INSERT INTO `tags` VALUES (408, '电费', 1, NULL, 11, 2, NULL, 10000, 10000, 1, 20, NULL, NULL, NULL, NULL, NULL);
INSERT INTO `tags` VALUES (409, '话费', 1, NULL, 11, 2, NULL, 10000, 10000, 1, 20, NULL, NULL, NULL, NULL, NULL);
INSERT INTO `tags` VALUES (410, '保险', 1, NULL, 11, 2, NULL, 10000, 10000, 1, 20, NULL, NULL, NULL, NULL, NULL);
INSERT INTO `tags` VALUES (411, '人情', 1, NULL, 11, 2, NULL, 10000, 10000, 1, 20, NULL, NULL, NULL, NULL, NULL);
INSERT INTO `tags` VALUES (412, '娱乐', 1, NULL, 11, 2, NULL, 10000, 10000, 1, 20, NULL, NULL, NULL, NULL, NULL);
INSERT INTO `tags` VALUES (413, '教育', 1, NULL, 11, 2, NULL, 10000, 10000, 1, 20, NULL, NULL, NULL, NULL, NULL);
INSERT INTO `tags` VALUES (414, '其他', 1, NULL, 11, 2, NULL, 10000, 10000, 1, 20, NULL, NULL, NULL, NULL, NULL);
INSERT INTO `tags` VALUES (415, '帅哥', 1, NULL, 11, 3, NULL, 10000, 10000, 1, 20, NULL, NULL, NULL, NULL, NULL);
INSERT INTO `tags` VALUES (416, '靓女', 1, NULL, 11, 3, NULL, 10000, 10000, 1, 20, NULL, NULL, NULL, NULL, NULL);
INSERT INTO `tags` VALUES (417, '广发信用卡', 1, NULL, 11, 1, 2, 10000, 10000, 1, 20, NULL, NULL, NULL, NULL, NULL);
INSERT INTO `tags` VALUES (418, '招商信用卡', 1, NULL, 11, 1, 2, 10000, 10000, 1, 20, NULL, NULL, NULL, NULL, NULL);
INSERT INTO `tags` VALUES (419, '农行信用卡', 1, NULL, 11, 1, 2, 10000, 10000, 1, 20, NULL, NULL, NULL, NULL, NULL);
INSERT INTO `tags` VALUES (420, '工商信用卡', 1, NULL, 11, 1, 2, 10000, 10000, 1, 20, NULL, NULL, NULL, NULL, NULL);
INSERT INTO `tags` VALUES (421, '齐鲁信用卡', 1, NULL, 11, 1, 2, 10000, 10000, 1, 20, NULL, NULL, NULL, NULL, NULL);
INSERT INTO `tags` VALUES (422, '中信信用卡', 1, NULL, 11, 1, 2, 10000, 10000, 1, 20, NULL, NULL, NULL, NULL, NULL);
INSERT INTO `tags` VALUES (423, '浦发信用卡', 1, NULL, 11, 1, 2, 10000, 10000, 1, 20, NULL, NULL, NULL, NULL, NULL);
INSERT INTO `tags` VALUES (424, '华夏信用卡', 1, NULL, 11, 1, 2, 10000, 10000, 1, 20, NULL, NULL, NULL, NULL, NULL);
INSERT INTO `tags` VALUES (425, '建设信用卡', 1, NULL, 11, 1, 2, 10000, 10000, 1, 20, NULL, NULL, NULL, NULL, NULL);
INSERT INTO `tags` VALUES (426, '光大信用卡', 1, NULL, 11, 1, 2, 10000, 10000, 1, 20, NULL, NULL, NULL, NULL, NULL);
INSERT INTO `tags` VALUES (427, '平安信用卡', 1, NULL, 11, 1, 2, 10000, 10000, 1, 20, NULL, NULL, NULL, NULL, NULL);
INSERT INTO `tags` VALUES (428, '青岛信用卡', 1, NULL, 11, 1, 2, 10000, 10000, 1, 20, NULL, NULL, NULL, NULL, NULL);
INSERT INTO `tags` VALUES (429, '兴业信用卡', 1, NULL, 11, 1, 2, 10000, 10000, 1, 20, NULL, NULL, NULL, NULL, NULL);
INSERT INTO `tags` VALUES (430, '白条', 1, NULL, 11, 1, 2, 10000, 10000, 1, 20, NULL, NULL, NULL, NULL, NULL);
INSERT INTO `tags` VALUES (431, '花呗', 1, NULL, 11, 1, 2, 10000, 10000, 1, 20, NULL, NULL, NULL, NULL, NULL);
INSERT INTO `tags` VALUES (432, '微信', 1, NULL, 11, 1, 1, 10000, 10000, 1, 20, NULL, NULL, NULL, NULL, NULL);
INSERT INTO `tags` VALUES (433, '工资', 2, NULL, 11, 2, NULL, 10000, 10000, 1, 20, NULL, NULL, NULL, NULL, NULL);
INSERT INTO `tags` VALUES (434, '奖金', 2, NULL, 11, 2, NULL, 10000, 10000, 1, 20, NULL, NULL, NULL, NULL, NULL);
INSERT INTO `tags` VALUES (435, '其他', 2, NULL, 11, 2, NULL, 10000, 10000, 1, 20, NULL, NULL, NULL, NULL, NULL);
INSERT INTO `tags` VALUES (436, '靓女', 2, NULL, 11, 3, NULL, 10000, 10000, 1, 20, NULL, NULL, NULL, NULL, NULL);
INSERT INTO `tags` VALUES (437, '帅哥', 2, NULL, 11, 3, NULL, 10000, 10000, 1, 20, NULL, NULL, NULL, NULL, NULL);
INSERT INTO `tags` VALUES (438, '还信用卡', 3, NULL, 11, 2, NULL, 10000, 10000, 1, 20, NULL, NULL, NULL, NULL, NULL);
INSERT INTO `tags` VALUES (439, '衣', 1, NULL, 12, 2, NULL, 10000, 10000, 1, 20, NULL, NULL, NULL, NULL, NULL);
INSERT INTO `tags` VALUES (440, '食', 1, NULL, 12, 2, NULL, 10000, 10000, 1, 20, NULL, NULL, NULL, NULL, NULL);
INSERT INTO `tags` VALUES (441, '住', 1, NULL, 12, 2, NULL, 10000, 10000, 1, 20, NULL, NULL, NULL, NULL, NULL);
INSERT INTO `tags` VALUES (442, '行', 1, NULL, 12, 2, NULL, 10000, 10000, 1, 20, NULL, NULL, NULL, NULL, NULL);
INSERT INTO `tags` VALUES (443, '购物', 1, NULL, 12, 2, NULL, 10000, 10000, 1, 20, NULL, NULL, NULL, NULL, NULL);
INSERT INTO `tags` VALUES (444, '医疗', 1, NULL, 12, 2, NULL, 10000, 10000, 1, 20, NULL, NULL, NULL, NULL, NULL);
INSERT INTO `tags` VALUES (445, '燃气费', 1, NULL, 12, 2, NULL, 10000, 10000, 1, 20, NULL, NULL, NULL, NULL, NULL);
INSERT INTO `tags` VALUES (446, '水费', 1, NULL, 12, 2, NULL, 10000, 10000, 1, 20, NULL, NULL, NULL, NULL, NULL);
INSERT INTO `tags` VALUES (447, '电费', 1, NULL, 12, 2, NULL, 10000, 10000, 1, 20, NULL, NULL, NULL, NULL, NULL);
INSERT INTO `tags` VALUES (448, '话费', 1, NULL, 12, 2, NULL, 10000, 10000, 1, 20, NULL, NULL, NULL, NULL, NULL);
INSERT INTO `tags` VALUES (449, '保险', 1, NULL, 12, 2, NULL, 10000, 10000, 1, 20, NULL, NULL, NULL, NULL, NULL);
INSERT INTO `tags` VALUES (450, '人情', 1, NULL, 12, 2, NULL, 10000, 10000, 1, 20, NULL, NULL, NULL, NULL, NULL);
INSERT INTO `tags` VALUES (451, '娱乐', 1, NULL, 12, 2, NULL, 10000, 10000, 1, 20, NULL, NULL, NULL, NULL, NULL);
INSERT INTO `tags` VALUES (452, '教育', 1, NULL, 12, 2, NULL, 10000, 10000, 1, 20, NULL, NULL, NULL, NULL, NULL);
INSERT INTO `tags` VALUES (453, '其他', 1, NULL, 12, 2, NULL, 10000, 10000, 1, 20, NULL, NULL, NULL, NULL, NULL);
INSERT INTO `tags` VALUES (454, '帅哥', 1, NULL, 12, 3, NULL, 10000, 10000, 1, 20, NULL, NULL, NULL, NULL, NULL);
INSERT INTO `tags` VALUES (455, '靓女', 1, NULL, 12, 3, NULL, 10000, 10000, 1, 20, NULL, NULL, NULL, NULL, NULL);
INSERT INTO `tags` VALUES (456, '广发信用卡', 1, NULL, 12, 1, 2, 10000, 10000, 1, 20, NULL, NULL, NULL, NULL, NULL);
INSERT INTO `tags` VALUES (457, '招商信用卡', 1, NULL, 12, 1, 2, 10000, 10000, 1, 20, NULL, NULL, NULL, NULL, NULL);
INSERT INTO `tags` VALUES (458, '农行信用卡', 1, NULL, 12, 1, 2, 10000, 10000, 1, 20, NULL, NULL, NULL, NULL, NULL);
INSERT INTO `tags` VALUES (459, '工商信用卡', 1, NULL, 12, 1, 2, 10000, 10000, 1, 20, NULL, NULL, NULL, NULL, NULL);
INSERT INTO `tags` VALUES (460, '齐鲁信用卡', 1, NULL, 12, 1, 2, 10000, 10000, 1, 20, NULL, NULL, NULL, NULL, NULL);
INSERT INTO `tags` VALUES (461, '中信信用卡', 1, NULL, 12, 1, 2, 10000, 10000, 1, 20, NULL, NULL, NULL, NULL, NULL);
INSERT INTO `tags` VALUES (462, '浦发信用卡', 1, NULL, 12, 1, 2, 10000, 10000, 1, 20, NULL, NULL, NULL, NULL, NULL);
INSERT INTO `tags` VALUES (463, '华夏信用卡', 1, NULL, 12, 1, 2, 10000, 10000, 1, 20, NULL, NULL, NULL, NULL, NULL);
INSERT INTO `tags` VALUES (464, '建设信用卡', 1, NULL, 12, 1, 2, 10000, 10000, 1, 20, NULL, NULL, NULL, NULL, NULL);
INSERT INTO `tags` VALUES (465, '光大信用卡', 1, NULL, 12, 1, 2, 10000, 10000, 1, 20, NULL, NULL, NULL, NULL, NULL);
INSERT INTO `tags` VALUES (466, '平安信用卡', 1, NULL, 12, 1, 2, 10000, 10000, 1, 20, NULL, NULL, NULL, NULL, NULL);
INSERT INTO `tags` VALUES (467, '青岛信用卡', 1, NULL, 12, 1, 2, 10000, 10000, 1, 20, NULL, NULL, NULL, NULL, NULL);
INSERT INTO `tags` VALUES (468, '兴业信用卡', 1, NULL, 12, 1, 2, 10000, 10000, 1, 20, NULL, NULL, NULL, NULL, NULL);
INSERT INTO `tags` VALUES (469, '白条', 1, NULL, 12, 1, 2, 10000, 10000, 1, 20, NULL, NULL, NULL, NULL, NULL);
INSERT INTO `tags` VALUES (470, '花呗', 1, NULL, 12, 1, 2, 10000, 10000, 1, 20, NULL, NULL, NULL, NULL, NULL);
INSERT INTO `tags` VALUES (471, '微信', 1, NULL, 12, 1, 1, 10000, 10000, 1, 20, NULL, NULL, NULL, NULL, NULL);
INSERT INTO `tags` VALUES (472, '工资', 2, NULL, 12, 2, NULL, 10000, 10000, 1, 20, NULL, NULL, NULL, NULL, NULL);
INSERT INTO `tags` VALUES (473, '奖金', 2, NULL, 12, 2, NULL, 10000, 10000, 1, 20, NULL, NULL, NULL, NULL, NULL);
INSERT INTO `tags` VALUES (474, '其他', 2, NULL, 12, 2, NULL, 10000, 10000, 1, 20, NULL, NULL, NULL, NULL, NULL);
INSERT INTO `tags` VALUES (475, '靓女', 2, NULL, 12, 3, NULL, 10000, 10000, 1, 20, NULL, NULL, NULL, NULL, NULL);
INSERT INTO `tags` VALUES (476, '帅哥', 2, NULL, 12, 3, NULL, 10000, 10000, 1, 20, NULL, NULL, NULL, NULL, NULL);
INSERT INTO `tags` VALUES (477, '还信用卡', 3, NULL, 12, 2, NULL, 10000, 10000, 1, 20, NULL, NULL, NULL, NULL, NULL);

-- ----------------------------
-- Table structure for users
-- ----------------------------
DROP TABLE IF EXISTS `users`;
CREATE TABLE `users`  (
  `id` int NOT NULL AUTO_INCREMENT,
  `open_id` varchar(50) CHARACTER SET utf8mb4 COLLATE utf8mb4_0900_ai_ci NOT NULL COMMENT '微信OpenID:每个用户在每个微信小程序中的唯一标识，同一用户在不同小程序中的OpenID不同',
  `union_id` varchar(50) CHARACTER SET utf8mb4 COLLATE utf8mb4_0900_ai_ci NULL DEFAULT NULL COMMENT '微信UnionID:同一用户在同一开放平台账号下的所有应用中的唯一标识',
  `nick_name` varchar(50) CHARACTER SET utf8mb4 COLLATE utf8mb4_0900_ai_ci NULL DEFAULT NULL COMMENT '用户昵称',
  `avatar_url` varchar(255) CHARACTER SET utf8mb4 COLLATE utf8mb4_0900_ai_ci NULL DEFAULT NULL COMMENT '头像URL',
  `gender` tinyint(1) NULL DEFAULT 0 COMMENT '性别：0未知，1男，2女',
  `country` varchar(50) CHARACTER SET utf8mb4 COLLATE utf8mb4_0900_ai_ci NULL DEFAULT NULL COMMENT '国家',
  `province` varchar(50) CHARACTER SET utf8mb4 COLLATE utf8mb4_0900_ai_ci NULL DEFAULT NULL COMMENT '省份',
  `city` varchar(50) CHARACTER SET utf8mb4 COLLATE utf8mb4_0900_ai_ci NULL DEFAULT NULL COMMENT '城市',
  `language` varchar(20) CHARACTER SET utf8mb4 COLLATE utf8mb4_0900_ai_ci NULL DEFAULT NULL COMMENT '语言',
  `created_at` datetime NOT NULL DEFAULT CURRENT_TIMESTAMP COMMENT '创建时间',
  `updated_at` datetime NOT NULL DEFAULT CURRENT_TIMESTAMP ON UPDATE CURRENT_TIMESTAMP COMMENT '更新时间',
  PRIMARY KEY (`id`) USING BTREE,
  UNIQUE INDEX `idx_open_id`(`open_id` ASC) USING BTREE
) ENGINE = InnoDB AUTO_INCREMENT = 13 CHARACTER SET = utf8mb4 COLLATE = utf8mb4_0900_ai_ci COMMENT = '用户表' ROW_FORMAT = Dynamic;

-- ----------------------------
-- Records of users
-- ----------------------------
INSERT INTO `users` VALUES (2, 'o5M0F7JCVSr_CsIqNND6I6EA9ty8', NULL, '微信用户', 'https://thirdwx.qlogo.cn/mmopen/vi_32/POgEwh4mIHO4nibH0KlMECNjjGxQUq24ZEaGT4poC6icRiccVGKSyXwibcPq4BWmiaIGuG1icwxaQX6grC9VemZoJ8rg/132', 0, '', '', '', '', '2025-04-04 14:44:02', '2025-04-12 04:24:10');
INSERT INTO `users` VALUES (3, 'o5M0F7LLv2TcTZDQ7-CVa8JPCHCY', NULL, '微信用户', 'https://thirdwx.qlogo.cn/mmopen/vi_32/POgEwh4mIHO4nibH0KlMECNjjGxQUq24ZEaGT4poC6icRiccVGKSyXwibcPq4BWmiaIGuG1icwxaQX6grC9VemZoJ8rg/132', 0, '', '', '', '', '2025-04-05 12:19:32', '2025-04-05 12:20:49');
INSERT INTO `users` VALUES (4, 'o5M0F7P5sQjXABTpeCsZoCIHLUmo', NULL, '微信用户', 'https://thirdwx.qlogo.cn/mmopen/vi_32/POgEwh4mIHO4nibH0KlMECNjjGxQUq24ZEaGT4poC6icRiccVGKSyXwibcPq4BWmiaIGuG1icwxaQX6grC9VemZoJ8rg/132', 0, '', '', '', '', '2025-04-05 21:48:44', '2025-04-05 21:48:44');
INSERT INTO `users` VALUES (5, 'o5M0F7FDyWQrT3TzzaSxdMmvfNmQ', NULL, '微信用户', 'https://thirdwx.qlogo.cn/mmopen/vi_32/POgEwh4mIHO4nibH0KlMECNjjGxQUq24ZEaGT4poC6icRiccVGKSyXwibcPq4BWmiaIGuG1icwxaQX6grC9VemZoJ8rg/132', 0, '', '', '', '', '2025-04-07 00:34:37', '2025-04-07 00:34:37');
INSERT INTO `users` VALUES (6, 'o5M0F7MlQc_K7chyzFeBht9Lfva0', NULL, '微信用户', 'https://thirdwx.qlogo.cn/mmopen/vi_32/POgEwh4mIHO4nibH0KlMECNjjGxQUq24ZEaGT4poC6icRiccVGKSyXwibcPq4BWmiaIGuG1icwxaQX6grC9VemZoJ8rg/132', 0, '', '', '', '', '2025-04-10 09:00:02', '2025-04-10 09:00:03');
INSERT INTO `users` VALUES (7, 'o5M0F7HAdkWLmROcUtjba22Yc4oI', NULL, '微信用户', 'https://thirdwx.qlogo.cn/mmopen/vi_32/POgEwh4mIHO4nibH0KlMECNjjGxQUq24ZEaGT4poC6icRiccVGKSyXwibcPq4BWmiaIGuG1icwxaQX6grC9VemZoJ8rg/132', 0, '', '', '', '', '2025-04-11 03:22:04', '2025-04-11 03:22:04');
INSERT INTO `users` VALUES (8, 'o5M0F7F_K1ckPWaTXwEc4RsN2Vw4', NULL, '微信用户', 'https://thirdwx.qlogo.cn/mmopen/vi_32/POgEwh4mIHO4nibH0KlMECNjjGxQUq24ZEaGT4poC6icRiccVGKSyXwibcPq4BWmiaIGuG1icwxaQX6grC9VemZoJ8rg/132', 0, '', '', '', '', '2025-04-11 04:47:10', '2025-04-11 04:47:11');
INSERT INTO `users` VALUES (9, 'o5M0F7DJgianT114gCC8hik-Vrig', NULL, '微信用户', 'https://thirdwx.qlogo.cn/mmopen/vi_32/POgEwh4mIHO4nibH0KlMECNjjGxQUq24ZEaGT4poC6icRiccVGKSyXwibcPq4BWmiaIGuG1icwxaQX6grC9VemZoJ8rg/132', 0, '', '', '', '', '2025-04-11 05:14:47', '2025-04-11 05:14:47');
INSERT INTO `users` VALUES (10, 'o5M0F7GnC8s99B-Hn6fx-v9K3u0A', NULL, '微信用户', 'https://thirdwx.qlogo.cn/mmopen/vi_32/POgEwh4mIHO4nibH0KlMECNjjGxQUq24ZEaGT4poC6icRiccVGKSyXwibcPq4BWmiaIGuG1icwxaQX6grC9VemZoJ8rg/132', 0, '', '', '', '', '2025-04-11 05:29:43', '2025-04-11 05:29:44');
INSERT INTO `users` VALUES (11, 'o5M0F7AVrpfDAlIkTTzzsGLfprA4', NULL, '微信用户', 'https://thirdwx.qlogo.cn/mmopen/vi_32/POgEwh4mIHO4nibH0KlMECNjjGxQUq24ZEaGT4poC6icRiccVGKSyXwibcPq4BWmiaIGuG1icwxaQX6grC9VemZoJ8rg/132', 0, '', '', '', '', '2025-04-11 05:32:59', '2025-04-11 05:32:59');
INSERT INTO `users` VALUES (12, 'o5M0F7Flppu9FvbppWhaQedxMTWA', NULL, '微信用户', 'https://thirdwx.qlogo.cn/mmopen/vi_32/POgEwh4mIHO4nibH0KlMECNjjGxQUq24ZEaGT4poC6icRiccVGKSyXwibcPq4BWmiaIGuG1icwxaQX6grC9VemZoJ8rg/132', 0, '', '', '', '', '2025-04-11 07:34:39', '2025-04-11 07:34:40');

SET FOREIGN_KEY_CHECKS = 1;
